James Gandolfini,{'The Sopranos': 'Tony Soprano'}
Edie Falco,{'The Sopranos': 'Carmela Soprano'}
Michael Imperioli,"{'The Sopranos': 'Christopher Moltisanti', 'Goodfellas': 'Spider'}"
Steven Van Zandt,{'The Sopranos': 'Silvio Dante'}
Robert Iler,{'The Sopranos': 'A.J. Soprano'}
Tony Sirico,"{'The Sopranos': ""Paulie 'Walnuts' Gualtieri"", 'Goodfellas': 'Tony Stacks'}"
Jamie-Lynn Sigler,{'The Sopranos': 'Meadow Soprano'}
Lorraine Bracco,"{'The Sopranos': 'Dr. Jennifer Melfi', 'Goodfellas': 'Karen Hill'}"
Dominic Chianese,{'The Sopranos': 'Junior Soprano'}
Aida Turturro,{'The Sopranos': 'Janice Soprano'}
Steve Schirripa,"{'The Sopranos': ""Bobby 'Bacala' Baccalieri""}"
Drea de Matteo,{'The Sopranos': 'Adriana La Cerva'}
Dan Grimaldi,{'The Sopranos': 'Patsy Parisi'}
Joseph R. Gannascoli,{'The Sopranos': 'Vito Spatafore'}
Sharon Angela,{'The Sopranos': 'Rosalie Aprile'}
John Ventimiglia,{'The Sopranos': 'Artie Bucco'}
Vincent Curatola,"{'The Sopranos': ""Johnny 'Sack' Sacramoni""}"
Frank Vincent,"{'The Sopranos': 'Phil Leotardo', 'Goodfellas': 'Billy Batts'}"
Federico Castelluccio,{'The Sopranos': 'Furio Giunta'}
Jerry Adler,{'The Sopranos': 'Hesh Rabkin'}
Arthur J. Nascarella,{'The Sopranos': 'Carlo Gervasi'}
Max Casella,{'The Sopranos': 'Benny Fazio'}
Maureen Van Zandt,{'The Sopranos': 'Gabriella Dante'}
Vincent Pastore,"{'The Sopranos': ""Salvatore 'Big Pussy' Bonpensiero"", 'Goodfellas': 'Man with Coatrack'}"
Robert Funaro,{'The Sopranos': 'Eugene Pontecorvo'}
Carl Capotorto,{'The Sopranos': 'Little Paulie Germani'}
Matt Servitto,{'The Sopranos': 'Agent Dwight Harris'}
Tom Aldredge,{'The Sopranos': 'Hugh DeAngelis'}
Nancy Marchand,{'The Sopranos': 'Livia Soprano'}
Joe Pantoliano,{'The Sopranos': 'Ralph Cifaretto'}
Suzanne Shepherd,"{'The Sopranos': 'Mary DeAngelis', 'Goodfellas': ""Karen's Mother""}"
Kathrine Narducci,{'The Sopranos': 'Charmaine Bucco'}
Angelo Massagli,{'The Sopranos': 'Bobby Baccalieri Jr.'}
Denise Borino-Quinn,{'The Sopranos': 'Ginny Sacrimoni'}
Ray Abruzzo,{'The Sopranos': 'Carmine Lupertazzi Jr.'}
George Loros,{'The Sopranos': 'Raymond Curto'}
Tony Darrow,"{'The Sopranos': 'Larry Boy Barese', 'Goodfellas': 'Sonny Bunz'}"
Steve Buscemi,{'The Sopranos': 'Tony Blundetto'}
Peter Bogdanovich,{'The Sopranos': 'Dr. Elliot Kupferberg'}
Will Janowitz,{'The Sopranos': 'Finn Detrolio'}
Richard Portnow,{'The Sopranos': 'Attorney Melvoin'}
Oksana Lada,{'The Sopranos': 'Irina Peltsin'}
Paul Schulze,{'The Sopranos': 'Father Phil Intintola'}
John Fiore,{'The Sopranos': 'Gigi Cestone'}
Frank Santorelli,{'The Sopranos': 'Georgie'}
John 'Cha Cha' Ciarcia,"{'The Sopranos': 'Albie Cianflone', 'Goodfellas': ""Batts' Crew #1""}"
Miryam Coppersmith,{'The Sopranos': 'Sophia Baccalieri'}
Jeffrey M. Marchetti,"{'The Sopranos': ""Peter 'Bissell' LaRosa""}"
Jason Cerbone,{'The Sopranos': 'Jackie Aprile Jr.'}
Frank Pando,{'The Sopranos': 'Agent Frank Grasso'}
Toni Kalem,{'The Sopranos': 'Angie Bonpensiero'}
Frank Pellegrino,"{'The Sopranos': 'Bureau Chief Frank Cubitoso', 'Goodfellas': 'Johnny Dio'}"
Tony Lip,"{'The Sopranos': 'Carmine Lupertazzi', 'Goodfellas': 'Frankie The Wop'}"
Anthony J. Ribustello,{'The Sopranos': 'Dante Greco'}
Joe Pucillo,{'The Sopranos': 'Beppy Scerbo'}
David Proval,{'The Sopranos': 'Richie Aprile'}
Al Sapienza,{'The Sopranos': 'Mikey Palmice'}
Karen Young,{'The Sopranos': 'Agent Robyn Sanseverino'}
Richard Maldone,{'The Sopranos': 'Albert Barese'}
John Bianco,{'The Sopranos': 'Gerry Torciano'}
Danielle Di Vecchio,{'The Sopranos': 'Barbara Giglione'}
Ed Vassallo,{'The Sopranos': 'Tom Giglione'}
Louis Lombardi,{'The Sopranos': 'Skip Lipari'}
Greg Antonacci,{'The Sopranos': 'Butch DeConcini'}
Lenny Venito,"{'The Sopranos': ""James 'Murmur' Zancone""}"
Annika Pergament,{'The Sopranos': 'News Anchor'}
Marianne Leone,"{'The Sopranos': 'Joanne Moltisanti', 'Goodfellas': ""Tuddy's Wife""}"
Chris Caldovino,{'The Sopranos': 'Billy Leotardo'}
Dan Castleman,{'The Sopranos': 'Prosecutor'}
Joseph Badalucco Jr.,{'The Sopranos': 'Jimmy Altieri'}
Matthew Del Negro,{'The Sopranos': 'Brian Cammarata'}
David Margulies,{'The Sopranos': 'Neil Mink'}
Elizabeth Bracco,{'The Sopranos': 'Marie Spatafore'}
Frances Ensemplare,{'The Sopranos': 'Nucci Gualtieri'}
William DeMeo,{'The Sopranos': 'Jason Molinaro'}
Katalin Pota,{'The Sopranos': 'Lilliana'}
Frankie Valli,{'The Sopranos': 'Rusty Millio'}
Joe Santos,{'The Sopranos': 'Angelo Garepe'}
Cara Buono,{'The Sopranos': 'Kelli Moltisanti'}
Leslie Bega,{'The Sopranos': 'Valentina La Paz'}
Lola Glaudini,{'The Sopranos': 'Agent Deborah Ciccerone'}
Alla Kliouka,{'The Sopranos': 'Svetlana Kirilenka'}
Joe Maruzzo,{'The Sopranos': 'Joe Peeps'}
Geraldine LiBrandi,{'The Sopranos': 'Patty Leotardo'}
Artie Pasquale,{'The Sopranos': 'Burt Gervasi'}
Annabella Sciorra,{'The Sopranos': 'Gloria Trillo'}
John Cenatiempo,{'The Sopranos': 'Anthony Maffei'}
Peter Riegert,{'The Sopranos': 'Assemblyman Zellman'}
Michele DeCesare,{'The Sopranos': 'Hunter Scangarelo'}
Michael Kelly,{'The Sopranos': 'Agent Ron Goddard'}
Taleb Adlah,{'The Sopranos': 'Ahmed'}
Donnie Keshawarz,{'The Sopranos': 'Muhammed'}
Randy N. Barbee,{'The Sopranos': 'Judge Whitney R. Runions'}
Nick Annunziata,{'The Sopranos': 'Eddie Pietro'}
Robert LuPone,{'The Sopranos': 'Dr. Bruce Cusamano'}
John Heard,{'The Sopranos': 'Det. Vin Makazian'}
Lillo Brancato,{'The Sopranos': 'Matt Bevilaqua'}
Paul Herman,"{'The Sopranos': 'Beansie Gaeta', 'Goodfellas': 'Dealer'}"
Dania Ramirez,{'The Sopranos': 'Blanca Selgado'}
Rae Allen,{'The Sopranos': 'Aunt Quintina Blundetto'}
Joseph Siravo,{'The Sopranos': 'Johnny Boy Soprano'}
Frank John Hughes,{'The Sopranos': 'Walden Belfiore'}
Joe Perrino,{'The Sopranos': 'Jason Gervasi'}
Patty McCormack,{'The Sopranos': 'Liz La Cerva'}
Louis Gross,{'The Sopranos': 'Perry Annunziata'}
Frank Borrelli,"{'The Sopranos': 'Vito Spatafore, Jr.'}"
Paulina Gerzon,{'The Sopranos': 'Francesca Spatafore'}
Bruce MacVittie,{'The Sopranos': 'Danny Scalercio'}
Nicole Burdette,"{'The Sopranos': 'Barbara Giglione', 'Goodfellas': ""Carbone's Girlfriend""}"
Lewis J. Stadlen,{'The Sopranos': 'Dr. Freid'}
Saundra Santiago,{'The Sopranos': 'Jean Cusamano'}
Allison Dunbar,{'The Sopranos': 'Nicole Lupertazzi'}
Raymond Franza,{'The Sopranos': 'Donny K.'}
Julie Ross,{'The Sopranos': 'Court Clerk'}
Avery Elaine Pulcher,{'The Sopranos': 'Domenica Baccalieri'}
Emily Ruth Pulcher,{'The Sopranos': 'Domenica Baccalieri'}
Kimberly Laughlin,{'The Sopranos': 'Domenica Baccalieri'}
Brianna Laughlin,{'The Sopranos': 'Domenica Baccalieri'}
Greg D'Agostino,{'The Sopranos': 'Wiseguy'}
Julianna Margulies,{'The Sopranos': 'Julianna Skiff'}
Robert Loggia,{'The Sopranos': 'Feech La Manna'}
Chris Tardio,{'The Sopranos': 'Sean Gismonte'}
Andy Davoli,{'The Sopranos': 'Dino Zerilli'}
Ari Graynor,{'The Sopranos': 'Caitlin Rucker'}
Michael Rispoli,{'The Sopranos': 'Jackie Aprile'}
John Costelloe,{'The Sopranos': 'Jim Witowski'}
Edoardo Ballerini,{'The Sopranos': 'Corky Caporale'}
Will McCormack,{'The Sopranos': 'Jason La Penna'}
Frank Albanese,"{'The Sopranos': 'Uncle Pat', 'Goodfellas': 'Mob Lawyer'}"
Turk Pipkin,{'The Sopranos': 'Aaron Arkaway'}
Cameron Boyd,{'The Sopranos': 'Matt Testa'}
Jessica Dunphy,{'The Sopranos': 'Devin Pillsbury'}
Michael Drayer,{'The Sopranos': 'Jason Parisi'}
Emily Wickersham,{'The Sopranos': 'Rhiannon'}
Ron Castellano,{'The Sopranos': 'Terry Doria'}
Lou Martini Jr.,{'The Sopranos': 'Anthony Infante'}
Tim Daly,{'The Sopranos': 'J.T. Dolan'}
Gary Evans,{'The Sopranos': 'FBI Tech #1'}
Vincent J. Orofino,{'The Sopranos': 'Brian Spatafore'}
Anthony DeSando,{'The Sopranos': 'Brendan Filone'}
Lexie Sperduto,{'The Sopranos': 'Sophia Baccalieri'}
Sig Libowitz,{'The Sopranos': 'Hillel'}
Tony Siragusa,{'The Sopranos': 'Frankie Cortese'}
Dennis Aloia,{'The Sopranos': 'Justin Blundetto'}
Kevin Aloia,{'The Sopranos': 'Jason Blundetto'}
Anna Mancini,{'The Sopranos': 'Donna Parisi'}
Michele Santopietro,{'The Sopranos': 'JoJo Palmice'}
Louis Mustillo,"{'The Sopranos': ""Salvatore 'Sal' Vitro""}"
Kobi George,{'The Sopranos': 'Hector Selgado'}
Kadin George,{'The Sopranos': 'Hector Selgado'}
Vinny Vella,{'The Sopranos': 'Jimmy Petrille'}
David Strathairn,{'The Sopranos': 'Robert Wegler'}
Richard Romanus,{'The Sopranos': 'Richard La Penna'}
Ron Leibman,{'The Sopranos': 'Dr. Lior Plepler'}
Joe Lisi,{'The Sopranos': 'Dick Barone'}
Matthew Sussman,{'The Sopranos': 'Dr. Schreck'}
Sal Ruffino,{'The Sopranos': 'Chucky Signore'}
Robert Desiderio,{'The Sopranos': 'Jack Massarone'}
Patti D'Arbanville,{'The Sopranos': 'Lorraine Calluzzo'}
Gregory Alan Williams,{'The Sopranos': 'Reverend James Jr.'}
Manon Halliburton,{'The Sopranos': 'Lois Pettit'}
Rocco Sisto,{'The Sopranos': 'Young Junior Soprano'}
Nick E. Tarabay,{'The Sopranos': 'Matush'}
Murielle Arden,{'The Sopranos': 'Elodi Colbert'}
Vincent Piazza,"{'The Sopranos': ""Hernan O'Brien""}"
Elena Solovey,{'The Sopranos': 'Branca Libinsk'}
Michael Countryman,{'The Sopranos': 'Dr. Richard Vogel'}
Patrick Tully,{'The Sopranos': 'Noah Tannenbaum'}
Heidi Dippold,{'The Sopranos': 'Janelle Cammarata'}
Caitlin Van Zandt,{'The Sopranos': 'Allegra Sacrimoni'}
Cristin Milioti,{'The Sopranos': 'Catherine Sacrimoni'}
Dominic Chianese Jr.,{'The Sopranos': 'Dominic'}
Daniel P. Conte,"{'The Sopranos': ""Faustino 'Doc' Santoro"", 'Goodfellas': 'Dr. Dan'}"
Val Bisoglio,{'The Sopranos': 'Murf'}
Sylvia Kauders,{'The Sopranos': 'Mrs. Conte'}
Tone Christensen,{'The Sopranos': 'Miss Reykjavik'}
Candy Trabuco,{'The Sopranos': 'Miss Giaculo'}
Glenn Kessler,{'The Sopranos': 'FBI Tech #2'}
Donna Smythe,{'The Sopranos': 'Gia Gaeta'}
Robert Patrick,{'The Sopranos': 'David Scatino'}
Stink Fisher,{'The Sopranos': 'Warren'}
Mark Karafin,{'The Sopranos': 'Egon Kosma'}
Tracey Silver,{'The Sopranos': 'Beth Kaplan'}
Marie Donato,{'The Sopranos': '2 to 5'}
Terence Winter,{'The Sopranos': 'Tom Amberson'}
Ralph Lucarelli,{'The Sopranos': 'Cozzarelli'}
Frank Fortunato,{'The Sopranos': 'Jason Evanina'}
Matt Pepper,{'The Sopranos': 'Agent Ron Gosling'}
Danny Petrillo,{'The Sopranos': 'Teenage Tony Soprano'}
Jalil Jay Lynch,{'The Sopranos': 'Incident Biker'}
Sofia Milos,{'The Sopranos': 'Annalisa'}
Joe Penny,{'The Sopranos': 'Victor Musto'}
Henry O,{'The Sopranos': 'Monk #1'}
Johann Carlo,{'The Sopranos': 'Bonnie DiCaprio'}
Vitali Baganov,{'The Sopranos': 'Valery'}
Frank Ciornei,{'The Sopranos': 'Slava Malevsky'}
Daniel Baldwin,{'The Sopranos': 'Daniel Baldwin'}
Marissa Matrone,{'The Sopranos': 'Ronnie Capozza'}
Phil Coccioletti,{'The Sopranos': 'Eric'}
Marisa Redanty,{'The Sopranos': 'Christine Scatino'}
Jonathan LaPaglia,{'The Sopranos': 'Jonathan LaPaglia'}
Ed Crasnick,{'The Sopranos': 'Comedian'}
Ho Chow,{'The Sopranos': 'Monk #2'}
Laila Robins,{'The Sopranos': 'Young Livia Soprano'}
Paul Mazursky,{'The Sopranos': 'Sunshine'}
Louis Crugnali,{'The Sopranos': 'Carlo Renzi'}
Aleksa Palladino,{'The Sopranos': 'Alessandra'}
Elaine del Valle,{'The Sopranos': 'Sandrine'}
Alison Bartlett,{'The Sopranos': 'Gwen MacIntyre'}
Armen Garo,"{'The Sopranos': ""Salvatore 'Coco' Cogliano""}"
Felix Solis,{'The Sopranos': 'Edgar Ramirez'}
Susan Blommaert,{'The Sopranos': 'Betty Wolf'}
Paul Dano,{'The Sopranos': 'Patrick Whalen'}
Sasha Nesterov,{'The Sopranos': 'Russian Man'}
Christine Pedi,{'The Sopranos': 'Karen Baccalieri'}
Fran Anthony,{'The Sopranos': 'Minn Matrone'}
Daniel Sauli,{'The Sopranos': 'Patrick Parisi'}
Dennis Paladino,{'The Sopranos': 'Al Lombardo'}
Anna Berger,{'The Sopranos': 'Cookie Cirillo'}
Adrian Martinez,{'The Sopranos': 'Ramone'}
Phyllis Kay,{'The Sopranos': 'Rita Lombardo'}
Seth Barrish,{'The Sopranos': 'Doctor'}
Stewart J. Zully,{'The Sopranos': 'Alan Ginsberg'}
Adam Mucci,{'The Sopranos': 'Eric DeBenedetto'}
Suzanne DiDonna,{'The Sopranos': 'Deanne Pontecorvo'}
Brad Zimmerman,{'The Sopranos': 'Ron Pearse'}
Bobby Rivers,{'The Sopranos': 'Male Anchor'}
Vanessa Ferlito,{'The Sopranos': 'Tina'}
Brian Smyj,{'The Sopranos': 'Agent Smyj'}
Steve Santosusso,{'The Sopranos': 'Anthony'}
Bruce Smolanoff,{'The Sopranos': 'Emil Kolar'}
Daniel London,{'The Sopranos': 'Eddie'}
Peter McRobbie,{'The Sopranos': 'Father Felix'}
Igor Zhivotovsky,{'The Sopranos': 'Igor Parnasky'}
Gary Perez,{'The Sopranos': 'Agent Marquez'}
Anne Assante,{'The Sopranos': 'Caterina Cella'}
Marc Damon Johnson,{'The Sopranos': 'Detective Filemon Francis'}
Will Arnett,{'The Sopranos': 'Mike Waldrup'}
Michelle Christian Corp,{'The Sopranos': 'Janet Petit'}
Carlo Giuliano,{'The Sopranos': 'Italo'}
Joey Perillo,{'The Sopranos': 'John Stefano'}
Marcia Haufrecht,{'The Sopranos': 'Fanny'}
Dane Curley,{'The Sopranos': 'Justin Cifaretto'}
David Mogentale,{'The Sopranos': 'Coach Goodwin'}
Daniel Oreskes,{'The Sopranos': 'Principal Cincotta'}
Kelly Madison Kole,{'The Sopranos': 'Debbie'}
Allen Enlow,{'The Sopranos': 'Dr. Harry Winer'}
Vito Antuofermo,"{'The Sopranos': 'Bobby Coniglio', 'Goodfellas': 'Prizefighter'}"
Kevin Interdonato,{'The Sopranos': 'Dogsy'}
Tony Cucci,{'The Sopranos': 'Fat Dom Gamiello'}
Daniel Ahearn,{'The Sopranos': 'Elliot'}
Rick Aiello,"{'The Sopranos': ""Ray-Ray D'Abaldo""}"
Lindsay Campbell,{'The Sopranos': 'Professor Kline'}
Charles Santy,{'The Sopranos': 'Cesar'}
Kevin Janicelli,{'The Sopranos': 'Roy Del Guercio'}
Suzanne Hevner,{'The Sopranos': 'Val'}
Antony Hagopian,{'The Sopranos': 'Emmerich'}
Chris McGarry,{'The Sopranos': 'Pat'}
Matthew Weiner,{'The Sopranos': 'Manny Safier'}
Nathalie Walker,{'The Sopranos': 'Lori'}
James Vincent Romano,{'The Sopranos': 'Cary Di Bartolo'}
Rosa Nino,{'The Sopranos': 'Inez Munoz'}
Eldon Thiele,{'The Sopranos': 'Ron'}
Jerry Grayson,{'The Sopranos': 'Marty Schwartz'}
Matilda Szydagis,{'The Sopranos': 'Yaryna'}
Sal Petraccione,{'The Sopranos': 'George Piocosta'}
Matthew Breiner,{'The Sopranos': 'Rob'}
Richard Petrocelli,{'The Sopranos': 'Rocco'}
Gay Thomas Wilson,{'The Sopranos': 'Nurse'}
Anthony Spina,{'The Sopranos': 'Dealer #2'}
Anjali Bhimani,{'The Sopranos': 'Dr. Budraja'}
Traci Kindell,{'The Sopranos': 'Nurse Leontine Overall'}
Ian Group,{'The Sopranos': 'Colin'}
Fran Gennuso,{'The Sopranos': 'Ms. Mary Bisacci'}
Matt Sauerhoff,{'The Sopranos': 'Victor Mineo'}
Thomas Russo,{'The Sopranos': 'Robbie Pontecorvo'}
Tommy Savas,{'The Sopranos': 'Xavier'}
Luz Lor,{'The Sopranos': 'Nurse Aquino'}
C.S. Lee,{'The Sopranos': 'Dr. Ba'}
Edward Watts,{'The Sopranos': 'Bartender'}
Zuzanna Szadkowski,{'The Sopranos': 'Elzbieta'}
Deirdre Sullivan,{'The Sopranos': 'Green Grove Singer'}
Merel Julia,{'The Sopranos': 'Gianna Millio'}
Gary Cowling,{'The Sopranos': 'Nurse Bruce'}
Grace Van Patten,{'The Sopranos': 'Ally Pontecorvo'}
Maria Elena Ramirez,{'The Sopranos': 'Neighbor'}
Samuel Smith,{'The Sopranos': 'Orderly'}
Anthony Desio,{'The Sopranos': 'Jimmy La Manna'}
John Marinacci,{'The Sopranos': 'Dealer'}
Sam Semenza,{'The Sopranos': 'Carmine III'}
Carmine Mitore,"{'The Sopranos': ""Zi'Pepin""}"
Amy Kean,{'The Sopranos': 'Reporter #2'}
Madison Connolly,{'The Sopranos': 'Alyssa Giglione'}
Anthony Piccolo,{'The Sopranos': 'Stephane Giglione'}
John Wu,{'The Sopranos': 'Morgan Yam'}
David Copeland,{'The Sopranos': 'Joey Cogo'}
Edward Furs,{'The Sopranos': 'Driver'}
Lauren Toub,{'The Sopranos': 'Liz DiLiberto'}
Michael Squicciarini,{'The Sopranos': 'Big Frank'}
Joe Rosario,{'The Sopranos': 'Bouncer'}
David S. Lomax,{'The Sopranos': 'Laborer'}
Jay Boryea,{'The Sopranos': 'Bouncer'}
Jamie Sorrentini,{'The Sopranos': 'Mimi'}
Antoinette LaVecchia,{'The Sopranos': 'Paula Salerno'}
Ephraim Benton,{'The Sopranos': 'Saladin'}
Chazz Menendez,{'The Sopranos': 'Goon'}
Gina Lynn,{'The Sopranos': 'Stripper'}
Jeffery Keilholtz,{'The Sopranos': 'Guy #2'}
Todd Wall,"{'The Sopranos': ""Jackie Jr.'s Friend""}"
Maria Grazia Cucinotta,{'The Sopranos': 'Isabella'}
Michael Gaston,{'The Sopranos': 'Alex Mahaffey'}
Karen Sillas,{'The Sopranos': 'Debbie'}
Tony Ray Rossi,{'The Sopranos': 'Fred Peters'}
Bokeem Woodbine,{'The Sopranos': 'Massive Genius'}
Bill Cobbs,{'The Sopranos': 'Reverend James Sr.'}
Sam McMurray,{'The Sopranos': 'Dr. John Kennedy'}
Mark Blum,{'The Sopranos': 'Randall Curtin'}
Lisa Arning Mayer,"{'The Sopranos': ""Peters' Wife""}"
David Beach,{'The Sopranos': 'Dr. Peter Galani'}
Jon Favreau,{'The Sopranos': 'Jon Favreau'}
Ariel Kiley,{'The Sopranos': 'Tracee'}
Frank Wood,{'The Sopranos': 'Dean Ross'}
Elias Koteas,{'The Sopranos': 'Dominic Palladino'}
Bruce Altman,{'The Sopranos': 'Alan Sapinsly'}
Henry Yuk,{'The Sopranos': 'Sungyon Kim'}
Ken Leung,{'The Sopranos': 'Carter Chong'}
Robyn Peterson,{'The Sopranos': 'Bobbi Sanfillipo'}
Ross Gibby,{'The Sopranos': 'Bartender'}
Bryan Hicks,{'The Sopranos': 'Orange J'}
Paul Albe,{'The Sopranos': 'Contractor'}
Giancarlo 'John' Giunta,{'The Sopranos': 'Kevin Bompensiero'}
Alton Clinton,{'The Sopranos': 'MRI Technician'}
Sandra Bernhard,{'The Sopranos': 'Gina'}
Shaun Toub,{'The Sopranos': 'Arouk Abboubi'}
Sully Boyar,{'The Sopranos': 'Dr. Krakower'}
Linda Lavin,{'The Sopranos': 'Dr. Wendi Kobler'}
Jean-Hugues Anglade,{'The Sopranos': 'Jean-Philippe Colbert'}
Annette Bening,{'The Sopranos': 'Annette Bening'}
Hill Harper,"{'The Sopranos': 'Stokley Davenport, M.D.'}"
Nancy Sinatra,{'The Sopranos': 'Self'}
Kevin O'Rourke,{'The Sopranos': 'Coach Don Hauser'}
John Eddins,{'The Sopranos': 'John Clayborn'}
Nick Fowler,{'The Sopranos': 'Richie Santini'}
Mark Kamine,{'The Sopranos': 'Admissions Dean'}
Shirl Bernheim,{'The Sopranos': 'Pearl'}
Janeane Garofalo,{'The Sopranos': 'Janeane Garofalo'}
Burt Young,"{'The Sopranos': ""Bobby 'Bacala' Sr.""}"
Isaach De Bankolé,{'The Sopranos': 'Father Obosi'}
Vondie Curtis-Hall,{'The Sopranos': 'Maurice Tiffen'}
Tom Mason,{'The Sopranos': 'Lt. Barry Haydu'}
Ben Kingsley,{'The Sopranos': 'Ben Kingsley'}
Sheila Kelley,{'The Sopranos': 'Lee'}
Chuck Low,"{'The Sopranos': 'Shlomo Teittleman', 'Goodfellas': 'Morris Kessler'}"
Madeline Blue,{'The Sopranos': 'Janice'}
Gregg Wattenberg,{'The Sopranos': 'Vito'}
Debrah Ellen Waller,{'The Sopranos': 'Perrilyn'}
Touche,{'The Sopranos': 'Rasheen Ray'}
Michael Manetta,{'The Sopranos': 'Gas Station Attendant'}
Alicia Witt,{'The Sopranos': 'Amy Safir'}
Vittorio Duse,{'The Sopranos': 'Zi Vittorio'}
Liz Larsen,{'The Sopranos': 'Trish Reingold-Sapinsly'}
Judy Del Giudice,{'The Sopranos': 'Cousin Louise'}
Chris Diamantopoulos,{'The Sopranos': 'Jason Barone'}
Lauren Bacall,{'The Sopranos': 'Lauren Bacall'}
William Russ,{'The Sopranos': 'Paul Calviac'}
Sydney Pollack,{'The Sopranos': 'Warren Feldman'}
Nashawn Kearse,{'The Sopranos': 'Jameel'}
Mike Epps,{'The Sopranos': 'Jerome'}
Ned Eisenberg,{'The Sopranos': 'Ariel'}
Keith Nobbs,{'The Sopranos': 'Bowdoin Student'}
Bobby Boriello,{'The Sopranos': 'Young Tony'}
Sam Coppola,{'The Sopranos': 'Dr. Reis'}
Kareen Germain,{'The Sopranos': 'Nurse'}
Doug Barron,{'The Sopranos': 'Dr. Mop-N-Glo'}
Chris Gibson,{'The Sopranos': 'Bass Player'}
Linda Emond,{'The Sopranos': 'Dahlia'}
Diana Agostini,{'The Sopranos': 'Miriam'}
Benny Aguiar,{'The Sopranos': 'Jimmy'}
Cynthia Darlow,{'The Sopranos': 'Virginia Lupo'}
Polly Bergen,{'The Sopranos': 'Fran Felstein'}
Wilmer Valderrama,{'The Sopranos': 'Wilmer Valderrama'}
Anthony 'Treach' Criss,{'The Sopranos': 'Marvin'}
Sarah Shahi,{'The Sopranos': 'Sonya Aragon'}
Donna Pescow,{'The Sopranos': 'Donna Parisi'}
Elizabeth Sung,{'The Sopranos': 'Mrs. Chong'}
Brian Geraghty,{'The Sopranos': 'Counter Boy'}
Yancey Arias,{'The Sopranos': 'Arnaz'}
Scott Cumberbatch,{'The Sopranos': 'Rideland Kid #2'}
Luke Reilly,{'The Sopranos': 'Lon Le Doyenne'}
Veronica Bero,{'The Sopranos': 'Girl'}
Ned Stroh,{'The Sopranos': 'Drummer'}
Johnathan Mondel,{'The Sopranos': 'Boy'}
John Hensley,{'The Sopranos': 'Eric Scatino'}
Mike Memphis,{'The Sopranos': 'Jimmy Bones'}
Getchie Argetsinger,{'The Sopranos': 'Yoga Instructor'}
Crystal Fox,{'The Sopranos': 'Nurse'}
Lord Jamar,{'The Sopranos': 'Da Lux'}
Jenna Stern,{'The Sopranos': 'Dr. Doherty'}
Eric Mangini,{'The Sopranos': 'Eric Mangini'}
Sarah Thompson,{'The Sopranos': 'Lucinda'}
Jack O'Connell,{'The Sopranos': 'Vendor'}
Cara Jedell,{'The Sopranos': 'Ally Vandermeed'}
Tibor Feldman,{'The Sopranos': 'U.S. Attorney Braun'}
Bray Poor,{'The Sopranos': 'Squid'}
Anthony Fusco,{'The Sopranos': 'Father Hagy'}
Freddy Bastone,{'The Sopranos': 'Batman'}
Britt Burr,{'The Sopranos': 'Traffic Cop'}
Giuseppe Delipiano,{'The Sopranos': 'Restaurant Owner'}
Leslie Beatty,{'The Sopranos': 'Nancy'}
John Billeci,{'The Sopranos': 'Manager'}
Michael Cannis,{'The Sopranos': 'Detective #2'}
Arthur Barnes,{'The Sopranos': 'Security Guard'}
Erica Leerhsen,{'The Sopranos': 'Birgit Olafsdottir'}
Dayna Gizzo,{'The Sopranos': 'Rita'}
Richard D'Alessandro,{'The Sopranos': 'Dennis Capozza'}
Ryan Hoffman,{'The Sopranos': 'Jason Malatesta'}
Robert John Burke,{'The Sopranos': 'Officer Zmuida'}
John Pleshette,{'The Sopranos': 'Dr. Ira Fried'}
Rob Devaney,{'The Sopranos': 'Bob Brewster'}
Christopher McDonald,{'The Sopranos': 'Eddie Dunne'}
Charley Morgan,{'The Sopranos': 'Professor Brian Lynch'}
Julie Mangini,{'The Sopranos': 'Julie Mangini'}
Patrena Murray,{'The Sopranos': 'Mercedes'}
Candace Bailey,{'The Sopranos': 'Deena Hauser'}
Harvey Levin,{'The Sopranos': 'Talk Show Host'}
Siberia M. Federico,{'The Sopranos': 'Irina Peltsin'}
Olivia Zaro,"{'The Sopranos': ""Peters' Daughter""}"
William Conn,{'The Sopranos': 'Old Man'}
Rob Grippa,{'The Sopranos': 'Byron Barber'}
Tom Cappadona,{'The Sopranos': 'Daniel King'}
Michael Broughton,{'The Sopranos': 'Protester'}
Stephen Bienskie,{'The Sopranos': 'Hotel Clerk'}
Darrell Carey,{'The Sopranos': 'Proctor'}
Brian Tarantina,{'The Sopranos': 'Mustang Sally'}
Deepa Purohit,{'The Sopranos': 'Ambujam'}
Ilene S. Landress,{'The Sopranos': 'Dr. Laurens'}
Albert Makhtsier,{'The Sopranos': 'Stasiu Wosilius'}
Anthony Patellis,{'The Sopranos': 'Charles Cirillo'}
Craig muMs Grant,{'The Sopranos': 'Mop'}
Christopher Carley,{'The Sopranos': 'Drew'}
Allan Wasserman,{'The Sopranos': 'Perry Benedek'}
Stephen Singer,{'The Sopranos': 'Dr. Mandl'}
Southside Johnny Lyon,{'The Sopranos': 'Self'}
Philippe Bergeron,{'The Sopranos': 'Denis'}
Jackie Tohn,{'The Sopranos': 'Heather Dante'}
Justine Miceli,{'The Sopranos': 'Nursing Home Director'}
John Aprea,{'The Sopranos': 'U.S. Attorney'}
Ramsey Faragallah,{'The Sopranos': 'Fed #1'}
Steven Randazzo,{'The Sopranos': 'Vincent Rizzo'}
Denise Richardson,{'The Sopranos': 'Newscaster'}
Jim DeMarse,{'The Sopranos': 'Jack Krim'}
Maurizio Corbino,{'The Sopranos': 'Waiter'}
John Arocho,{'The Sopranos': 'Kid #2'}
Jason Hauser,{'The Sopranos': 'Rideland Cop'}
Nancy Cassaro,"{'The Sopranos': 'Joanne Moltisanti', 'Goodfellas': ""Joe Buddha's Wife""}"
Dan Chen,{'The Sopranos': 'Ernest Wu'}
Susan Campanaro,{'The Sopranos': 'Mother at Mall'}
John Devlin,{'The Sopranos': 'Assistant Director'}
James Collins,{'The Sopranos': 'Truck Driver'}
Ismail Bashey,{'The Sopranos': 'Dr. Mehta'}
Anya Shetler,{'The Sopranos': 'Ilana'}
Charlotte Colavin,{'The Sopranos': 'Lorraine Cirillo'}
Laurie Williams,{'The Sopranos': 'Young Livia Soprano'}
Karl Bury,{'The Sopranos': 'Tom Fiske'}
Evan Ferrante,{'The Sopranos': 'Brandon'}
Geraldo Rivera,{'The Sopranos': 'Geraldo Rivera'}
Christian Laurin,{'The Sopranos': 'Normand'}
Michael B. Jordan,{'The Sopranos': 'Rideland Kid'}
DonnaMarie Recco,{'The Sopranos': 'Bebe'}
Kate Anthony,{'The Sopranos': 'Counter Person'}
Barbara Haas,{'The Sopranos': 'Aida Melfi'}
James Weston,{'The Sopranos': 'Randy Wagner'}
George Bass,{'The Sopranos': 'Janitor'}
Catherine Dent,{'The Sopranos': 'Arlene Riley'}
Dominic Fumusa,{'The Sopranos': 'Gregory Moltisanti'}
Susan Blackwell,{'The Sopranos': 'Therapist'}
Robert Cicchini,"{'The Sopranos': ""Dr. D'Alessio""}"
Janis Dardaris,{'The Sopranos': 'Karen'}
Scottie Epstein,{'The Sopranos': 'Quickie G'}
Catrina Ganey,{'The Sopranos': 'Nurse'}
Emme Shaw,{'The Sopranos': 'Nurse'}
Robert T. Bogue,{'The Sopranos': 'Ed Restuccia'}
Peter Davies,{'The Sopranos': 'Paxton'}
Liza Lapira,{'The Sopranos': 'Amanda Kim'}
Bruce Kirby,{'The Sopranos': 'Dr. Russ Fegoli'}
Jonathan Del Arco,{'The Sopranos': 'Father Jose'}
Michael DeNigris,{'The Sopranos': 'Charles Cinelli'}
James O'Toole,{'The Sopranos': 'Baz'}
Michael Buscemi,{'The Sopranos': 'Lewis Pantowski'}
Gene Canfield,"{'The Sopranos': 'Police Officer', 'Goodfellas': 'Prison Guard in Booth'}"
Anthony Caso,"{'The Sopranos': 'Martin Scorsese', 'Goodfellas': 'Truck Hijacker'}"
Salem Ludwig,{'The Sopranos': 'Mr. Capri'}
Karen Neil,{'The Sopranos': 'Receptionist'}
Timothy Nolen,{'The Sopranos': 'Jeffrey Wernick'}
Gregory Perrelli,{'The Sopranos': 'Jared'}
Bittu Wallia,{'The Sopranos': 'Doctor'}
Mitch Holleman,{'The Sopranos': 'Boy at Mall'}
Frank Sinatra Jr.,{'The Sopranos': 'Frank Sinatra Jr.'}
John Christopher Jones,{'The Sopranos': 'Kevin Cullen'}
Andersen Gabrych,{'The Sopranos': 'UTA Receptionist'}
Marc Freeman Hamm,{'The Sopranos': 'Party Goer'}
Joseph Carino,{'The Sopranos': 'Secretary'}
Anthony DiMaria,"{'The Sopranos': ""Ruggerio's Son""}"
Joe Bacino,{'The Sopranos': 'Little Joe'}
Jana Januskova,{'The Sopranos': 'Dancer'}
John Fiske,{'The Sopranos': 'FBI Man'}
Joyce Van Patten,{'The Sopranos': 'Dr. Sandy Shaw'}
David Lee Roth,{'The Sopranos': 'David Lee Roth'}
Homie Doroodian,{'The Sopranos': 'Kamal'}
Angela Pietropinto,"{'The Sopranos': 'Helen Barone', 'Goodfellas': ""Cicero's Wife""}"
Patrick Holder,{'The Sopranos': 'Earl Bretanoux'}
Jim Bracchitta,{'The Sopranos': 'Peter Acinapura'}
Bernadette Penotti,{'The Sopranos': 'Nurse'}
David Wike,{'The Sopranos': 'Donnie Paduana'}
Victor Colicchio,"{'The Sopranos': 'Joe', 'Goodfellas': ""Henry's 60's Crew""}"
Michael Santoro,{'The Sopranos': 'Father Phil Intintola'}
Terumi Matthews,{'The Sopranos': 'Rita'}
T.J. Coluca,{'The Sopranos': 'Jeremy Piocosta'}
Nick Raio,{'The Sopranos': 'Wiseguy'}
Prianga Pieris,{'The Sopranos': 'Mechanic'}
Barbara Lavalle,{'The Sopranos': 'Band Leader'}
Frankie Dellarosa,{'The Sopranos': 'EMT'}
Moises Belizario,{'The Sopranos': 'FBI Man'}
Stephen Payne,{'The Sopranos': 'Dominic'}
Patricia Marand,{'The Sopranos': 'Helen Barone'}
Linda Mann,{'The Sopranos': 'Joint Copper'}
Elizabeth Flax,{'The Sopranos': 'Therapist'}
Mark Fish,{'The Sopranos': 'Caller #2'}
Ciro Maggio,{'The Sopranos': 'Raffaelle'}
Bryan Matzkow,{'The Sopranos': 'Hotel Manager'}
Alik Sakharov,{'The Sopranos': 'Agron'}
Frank Bongiorno,{'The Sopranos': 'Guiseppe'}
John Freudiger,{'The Sopranos': 'Chooch'}
Roma Maffia,{'The Sopranos': 'Professor Longo-Murphy'}
Julie Goldman,{'The Sopranos': 'Saskia Kupferberg'}
Vanessa Quijas,{'The Sopranos': 'Jessica'}
Paula Garcés,{'The Sopranos': 'Felicia Galan'}
Lawrence Taylor,{'The Sopranos': 'Lawrence Taylor'}
Mitchell Burgess,"{'The Sopranos': ""'Iowa' Burgess""}"
Paul Diomede,{'The Sopranos': 'Jason Masucci'}
Santos,{'The Sopranos': 'Gilbert Nieves'}
Judith Malina,{'The Sopranos': 'Aunt Dottie'}
Matthew Lawler,{'The Sopranos': 'Fed #2'}
Douglas Santiago,{'The Sopranos': 'Jeremy Herrera'}
Slava Schoot,{'The Sopranos': 'Russian Man'}
Mary Ellen Cravens,{'The Sopranos': 'Taylor'}
Salvatore Paul Piro,{'The Sopranos': 'Sammy Grigio'}
Dan Morse,{'The Sopranos': 'Mullethead'}
Robert Anthony Lavalle,{'The Sopranos': 'Band Leader #2'}
Judy Reyes,{'The Sopranos': 'Michelle'}
Olga Merediz,{'The Sopranos': 'Fran'}
Adam Alexi-Malle,{'The Sopranos': 'College Representative'}
Joe Pacheco,{'The Sopranos': 'Policeman'}
Jennifer Albano,{'The Sopranos': 'Connie'}
Danton Stone,{'The Sopranos': 'Mr. Sontag'}
Karen Giordano,{'The Sopranos': 'Samantha Martin'}
Andy Blankenbuehler,{'The Sopranos': 'Richie Aprile Jr.'}
Lydia Gaston,{'The Sopranos': 'Rosie'}
Sam Gray,{'The Sopranos': 'Judge Greenspan'}
Andrea Maulella,{'The Sopranos': 'Michele Foreman'}
James Murtaugh,{'The Sopranos': 'Judge Lapper'}
Traci Godfrey,{'The Sopranos': 'Edwina Fowley'}
Michael Garfield,{'The Sopranos': 'Len Tannenbaum'}
Norman Max Maxwell,{'The Sopranos': 'FBI Agent'}
Victor Truro,{'The Sopranos': 'Dr. Rotelli'}
Charles Trucillo,{'The Sopranos': 'Cop #1'}
Lorenzo Gregorio,{'The Sopranos': 'Miles'}
Vanessa Liguori,{'The Sopranos': 'Terri'}
Ben Lipitz,{'The Sopranos': 'Don Rictora Jr.'}
Adam Scarimbolo,{'The Sopranos': 'David Pasquale'}
Bernie Brillstein,{'The Sopranos': 'Bernie Brillstein'}
Dawn Evans,{'The Sopranos': 'Cheryl Kolpeki'}
Anna-Maria Gottfried,{'The Sopranos': 'Aunt Mary'}
Simon Sinn,{'The Sopranos': 'Monk #3'}
Nikki Dinki,{'The Sopranos': 'Bibi'}
Lois Markle,{'The Sopranos': 'Mother Superior'}
Brandon Hannan,"{'The Sopranos': 'Vito Spatafore, Jr.'}"
Joseph Adams,{'The Sopranos': 'Larry'}
Chance Kelly,{'The Sopranos': 'Fed #3'}
Guillermo Díaz,{'The Sopranos': 'Salesperson'}
Alexandra Neil,{'The Sopranos': 'Wendy Krim'}
Angelica Page,{'The Sopranos': 'Woman at Party'}
Tim Williams,{'The Sopranos': 'Mr. Meskimmin'}
Desiree Kehoe,{'The Sopranos': 'Nude Dancer'}
Militza Ivanova,{'The Sopranos': 'Russian Woman'}
Christopher J. Quinn,{'The Sopranos': 'Rusty Irish'}
Bryan Greenberg,{'The Sopranos': 'Peter McClure'}
P.J. Brown,{'The Sopranos': 'Cop'}
Chuck Montgomery,{'The Sopranos': 'Larry Arthur'}
Jason Minter,{'The Sopranos': 'Bellman'}
Melissa Weil,{'The Sopranos': 'Mrs. Sontag'}
Charles Sammarco,{'The Sopranos': 'Joey'}
James Sioutis,{'The Sopranos': 'Detective #1'}
Timothy Huang,{'The Sopranos': 'Doctor'}
Tony Hale,{'The Sopranos': 'RN Collins'}
David Warshofsky,{'The Sopranos': 'Cop #2'}
Zabryna Guevara,{'The Sopranos': 'Clerk'}
David Raymond Wagner,{'The Sopranos': 'FBI Agent'}
Joanie Ellen,{'The Sopranos': 'P.A.'}
Daniel T. Booth,{'The Sopranos': 'Waiter'}
Tony Hoty,{'The Sopranos': 'Salesman'}
Remy Auberjonois,{'The Sopranos': 'Dr. Phillip Seepman'}
Charley Scalies,{'The Sopranos': 'Coach Molinaro'}
Ed Setrakian,{'The Sopranos': 'Tommy'}
Lindsey Kraft,{'The Sopranos': 'Nadia'}
Danny Johnson,{'The Sopranos': 'Detective DeLeon'}
Bill Kurtis,{'The Sopranos': 'Bill Kurtis'}
Adam Trese,{'The Sopranos': 'Michael Kardish'}
Peter Allas,{'The Sopranos': 'Salvatore'}
Sandra Daley,{'The Sopranos': 'Nurse Fiona Macken'}
Rob Falcone,{'The Sopranos': 'Mr. Caravalho'}
Brian D. Coats,{'The Sopranos': 'Itzhak'}
Daniel Hilt,{'The Sopranos': 'Kid #3 - Phil Lito'}
Joseph Tudisco,{'The Sopranos': 'Trucker'}
Ken Prymus,{'The Sopranos': 'Manager'}
Dave Salerno,{'The Sopranos': 'Card Player'}
Tim Kirkpatrick,{'The Sopranos': 'Detective #1'}
Michael Parr,{'The Sopranos': 'Bouncer'}
Steve Ferguson,{'The Sopranos': 'Moldonado'}
Jason Fuchs,{'The Sopranos': 'Jr. Sontag'}
Sabine Singh,{'The Sopranos': 'Tracy'}
Antone Pagán,{'The Sopranos': 'Detective Ramos'}
Barbara Andres,{'The Sopranos': 'Quintina'}
Elena Antonenko,{'The Sopranos': 'Russian Woman'}
Lisa Valens,{'The Sopranos': 'Felicia Ann'}
Angela Covington,{'The Sopranos': 'Gudren'}
Tertia Lynch,{'The Sopranos': 'Duty Nurse'}
Marek Przystup,{'The Sopranos': 'Stasiu'}
Antonette Schwartzberg,"{'The Sopranos': ""Beansie's Mother""}"
Zachary Knower,{'The Sopranos': 'Dr. Enloe'}
Yvette Mercedes,{'The Sopranos': 'Homeless Woman'}
Anna Mastroianni,{'The Sopranos': 'Woman in Car'}
Crystal Allen,{'The Sopranos': 'Lisa'}
Curtiss Cook,{'The Sopranos': 'Credenso Curtis'}
Santo Fazio,{'The Sopranos': 'Teddy Genaretti'}
Chandra Wilson,{'The Sopranos': 'Evelyn Greenwood'}
Omar Chagall,{'The Sopranos': 'Raoul'}
Ivan Martin,{'The Sopranos': 'Kenny Giacolone'}
Ted Koch,{'The Sopranos': 'Detective Klinger'}
Donna Villella,"{'The Sopranos': ""Rae 'Rafaella' Martino""}"
Adira Amram,{'The Sopranos': 'Stacey'}
Casey O'Brien,{'The Sopranos': 'Martha'}
Stanley Harrison,{'The Sopranos': 'George'}
Eric Morace,{'The Sopranos': 'Detective Gaudioso'}
Brooke Marie Procida,{'The Sopranos': 'Bride'}
Jennifer Wiltsie,{'The Sopranos': 'Miss Marris'}
Sharif Rashed,{'The Sopranos': 'Antjuan'}
Peter Bretz,{'The Sopranos': 'Detective #2'}
Brian Guzman,{'The Sopranos': 'Delivery Boy'}
Raymond Michael Karl,{'The Sopranos': 'Teacher'}
Stelio Savante,{'The Sopranos': 'Gaetano Giarizzo'}
Philipp Karner,{'The Sopranos': 'Caller #3'}
Ilene Kristen,{'The Sopranos': 'Woman Smoker'}
James Biberi,"{'The Sopranos': ""Maitre'd""}"
John Mariano,{'The Sopranos': 'Ralph Giorgio'}
Oni Faida Lampley,{'The Sopranos': 'Cynthia'}
David Anzuelo,{'The Sopranos': 'Flight Attendant'}
Jessica Peters,{'The Sopranos': 'Sis Sontag'}
Steve Porcelli,{'The Sopranos': 'Matt Bonpensiero'}
Stephen Kunken,{'The Sopranos': 'ER Doctor'}
James Shanklin,{'The Sopranos': 'Anesthesiologist'}
Danielle Cautela,{'The Sopranos': 'Mackenzie Trucillo'}
Matt Cerbone,{'The Sopranos': 'Young Jackie Jr.'}
Michael Patterson,{'The Sopranos': 'Martin'}
Richard Verdinio,{'The Sopranos': 'Police Officer'}
Richard Bright,{'The Sopranos': 'Frank Crisci'}
Sabrina Gennarino,{'The Sopranos': 'Nina'}
Omar Scroggins,{'The Sopranos': 'Cheokay'}
Universal,{'The Sopranos': 'Stanley Johnson'}
Dennis Carrig,{'The Sopranos': 'Robert Harris'}
David Deblinger,{'The Sopranos': 'Dr. Rene Katz'}
John Elsen,{'The Sopranos': 'Officer Yorn'}
Philip Larocca,"{'The Sopranos': ""Edward 'Duke' Bonpensiero""}"
Joseph Leone,{'The Sopranos': 'Vic Caputo'}
Geoffrey Cantor,{'The Sopranos': 'Eli Kaplan'}
George Riddle,{'The Sopranos': 'Walter'}
Marc Bonan,{'The Sopranos': 'Rene LeCours'}
Theresa Lynn,{'The Sopranos': 'Stripper'}
Jessy Terrero,{'The Sopranos': 'Gallegos'}
Donn Swaby,{'The Sopranos': 'Guy on Bridge'}
Mark Belasco,{'The Sopranos': 'Capman'}
Bill Richardone,{'The Sopranos': 'Joseph Melfi'}
Joshua Benevento,{'The Sopranos': 'Choir Member'}
Elizabeth Reaser,{'The Sopranos': 'Stace'}
Gameela Wright,{'The Sopranos': 'Nurse'}
Gano Grills,{'The Sopranos': 'Antonio'}
Molly Regan,{'The Sopranos': 'Carole Arthur'}
Tony Rigo,{'The Sopranos': 'Old Guy'}
Scott Lucy,{'The Sopranos': 'Acting Student'}
Barbara Gulan,{'The Sopranos': 'Mrs. Gaetano'}
Katrina Lantz,{'The Sopranos': 'Sylvia'}
Kathleen Fasolino,"{'The Sopranos': ""Meadow's Friend""}"
George Xhilone,{'The Sopranos': 'Man'}
Melissa Marsala,{'The Sopranos': 'Kelli Aprile'}
Jill Marie Lawrence,{'The Sopranos': 'Detective Piersol'}
Stephen Peabody,{'The Sopranos': 'Service Manager'}
Michette Ardente,{'The Sopranos': 'Mandee'}
Dominick Charles Carbone,{'The Sopranos': 'Kevin Bonpensiero'}
Ronobir Lahiri,{'The Sopranos': 'Driver'}
Stan Carp,{'The Sopranos': 'Alfred'}
Danyelle Freeman,{'The Sopranos': 'Misty Giaculo'}
Richard Ziman,{'The Sopranos': 'Stan Gurman'}
Nino DelDuca,{'The Sopranos': 'Uncle Maurizio'}
George Spaventa,{'The Sopranos': 'V.I. Trifunovitch'}
Michael Pemberton,{'The Sopranos': 'Supervisor Jimmy Curran'}
Sukanya Krishnan,{'The Sopranos': 'Reporter'}
Kevin Hagan,{'The Sopranos': 'Chick Philips'}
Joseph Costa,"{'The Sopranos': 'Fred Mosconi, M.D.'}"
Jayson Ward Williams,{'The Sopranos': 'Coffeehouse Manager'}
Alisha Davis,{'The Sopranos': 'Anchorwoman'}
Patrick Husted,{'The Sopranos': 'Waiter'}
Elizabeth Ann Townsend,{'The Sopranos': 'Barb Wagner'}
Shawn McLean,{'The Sopranos': 'Yo Yo Mendez'}
Sonny Zito,{'The Sopranos': 'Eggie'}
David Moritt,{'The Sopranos': 'Mr. Miller'}
Joanne Caselli,{'The Sopranos': 'Choir Member'}
Ajay Naidu,{'The Sopranos': 'Omar'}
Anthony Alessandro,"{'The Sopranos': 'Waiter', 'Goodfellas': ""Henry's 60's Crew""}"
Asa Somers,{'The Sopranos': 'Blaine Richardson'}
Ray Garvey,{'The Sopranos': 'Airport Guard'}
La Tanya Hall,{'The Sopranos': 'Hooker'}
Laurine Towler,{'The Sopranos': 'Surgical Nurse'}
Patricia Mauceri,{'The Sopranos': 'Marie'}
Mario Polit,{'The Sopranos': 'Jesus Rossi'}
Bill Kocis,{'The Sopranos': 'Father Nicolai'}
Chris Hogan,{'The Sopranos': 'Student Advisor'}
Jason Furlani,{'The Sopranos': 'Security Guard'}
Modi,{'The Sopranos': 'Etan'}
Evan Neumann,{'The Sopranos': 'Colin McDermott'}
Jeff Robins,{'The Sopranos': 'Chris'}
Samuel Allen,{'The Sopranos': 'Shane Petrzelka'}
Bruce Kronenberg,{'The Sopranos': 'Todd Herman'}
Gina Tognoni,{'The Sopranos': 'Catherine Lipman'}
Gene Ruffini,{'The Sopranos': 'Charles Russamano'}
Ptolemy Slocum,{'The Sopranos': 'Keith'}
Lanette Ware,{'The Sopranos': 'Renata'}
Matt Fischel,{'The Sopranos': 'Judge Woronow'}
Manny Siverio,{'The Sopranos': '2nd Truck Driver'}
Marissa Jedell,{'The Sopranos': 'Becky'}
Cedric Turner,{'The Sopranos': 'Police Officer'}
Richard Davis,{'The Sopranos': 'Choir Member'}
Robert Prescott,{'The Sopranos': 'Mitch'}
David Healy,{'The Sopranos': 'Vice Principal'}
Wayne Pretlow,{'The Sopranos': 'Caller #1'}
Vince Viverito,{'The Sopranos': 'Detective Giardina'}
Craig Wojcik,{'The Sopranos': 'Pizza Kid'}
Kellie Turner,"{'The Sopranos': ""Nurse's Aide""}"
Frankie Caero,{'The Sopranos': 'Host'}
Colleen Werthmann,{'The Sopranos': 'Agent Malatesta'}
Luiza Liccini,{'The Sopranos': 'Stripper #1'}
Domenica Galati,{'The Sopranos': 'Mother'}
Sheila Gibbs,{'The Sopranos': 'Receptionist'}
Anthony Zayas,{'The Sopranos': 'Cholo #1'}
Elaine Bromka,{'The Sopranos': 'Ellen McDermott'}
Montel Williams,{'The Sopranos': 'Self'}
Lisa Altomare,{'The Sopranos': 'Rose'}
Felicity LaFortune,{'The Sopranos': 'Dr. Sarah Klum'}
Jim Wisniewski,{'The Sopranos': 'Bradley Stafford'}
Frank Ammirati,{'The Sopranos': 'Freddy Di Novi'}
Sid Davidoff,{'The Sopranos': 'Lee Nieman'}
Manuela Feris,{'The Sopranos': 'Martina'}
Alberto Vazquez,{'The Sopranos': 'Julian'}
Elizabeth Meadows Rouse,{'The Sopranos': 'Mom'}
T.R. Shields III,{'The Sopranos': 'Dale Hutchins'}
Kevin Kean Murphy,{'The Sopranos': 'Ascot Man'}
Joey Scala,{'The Sopranos': 'Teenager'}
J.D. Williams,{'The Sopranos': 'Special K'}
Joyce Lynn O'Connor,{'The Sopranos': 'Shelly Hauser'}
Steve Ferrara,{'The Sopranos': 'Choir Member'}
Phyllis Somerville,{'The Sopranos': 'Brenda'}
Beatrice Winde,{'The Sopranos': 'Funeral Guest'}
David McCann,{'The Sopranos': 'Priest'}
Ron Lee Jones,{'The Sopranos': 'Michael McLuhan'}
Pina Cutolo,{'The Sopranos': 'Mother'}
Jay Alan Christianson,{'The Sopranos': 'Agent Jongsma'}
Kieran Campion,{'The Sopranos': 'Epsilon Zet'}
Marie Athanasiou,{'The Sopranos': 'Stripper #2'}
Tyler Gulizio,{'The Sopranos': 'Little Boy'}
Freddy Martinez,{'The Sopranos': 'Cholo #2'}
Joseph R. Sicari,{'The Sopranos': 'Phillip Di Notti'}
Gurdeep Singh,{'The Sopranos': 'Prabhat'}
Joseph Castellana,"{'The Sopranos': ""Lou 'Dimaggio' Galina""}"
Jeff E. Surawski,"{'The Sopranos': ""The Swingin' Neckbreakers""}"
Susan Jhun,{'The Sopranos': 'Allison Pak'}
David Little,{'The Sopranos': 'Asa Silverman'}
Duke Valenti,{'The Sopranos': 'Corky DiGioia'}
Adam Sietz,{'The Sopranos': 'Walter'}
Michelle Huber,{'The Sopranos': 'Attractive Woman'}
James Flaherty,{'The Sopranos': 'Tom McMillan'}
Vince Stefani,{'The Sopranos': 'Lester DeAngelis'}
Aasif Mandvi,{'The Sopranos': 'Dr. Abu Bilal'}
Abigail Marlowe,{'The Sopranos': 'Sarah'}
Clyde Baldo,{'The Sopranos': 'Photographer'}
Dennis Predovic,{'The Sopranos': 'Eddie Lind'}
Ed Kershen,{'The Sopranos': 'Surveyor'}
Gaston Renaud,{'The Sopranos': 'Ramon'}
James Spector,{'The Sopranos': 'Kid #1'}
Margie Freeswick,{'The Sopranos': 'Choir Member'}
Kevin Sussman,{'The Sopranos': 'Kevin'}
Ajay Mehta,{'The Sopranos': 'Sundeep'}
Lello Giulivo,{'The Sopranos': 'Camillo'}
Carmine Sirico,{'The Sopranos': 'Dealer'}
Louis Petraglia,{'The Sopranos': 'Sanitation Worker'}
Ryan Homchick,{'The Sopranos': 'Cadet Delaunay'}
Cesar De León,{'The Sopranos': 'Cholo #3'}
Dennis Gagomiros,{'The Sopranos': 'Agent Theophilos'}
Michael Matera,{'The Sopranos': 'Carlos'}
Peter Byrne,{'The Sopranos': 'Security Guard'}
William DaRuffa,{'The Sopranos': 'Joe'}
Cyndi Ramirez,{'The Sopranos': 'Girl'}
Loulou Katz,{'The Sopranos': 'Little Girl'}
Larry Sellers,{'The Sopranos': 'Professor Del Redclay'}
David Pittu,{'The Sopranos': 'Norman'}
Mark Lotito,{'The Sopranos': 'Dave Fusco'}
Rob Leo Roy,{'The Sopranos': 'Print Newsman'}
Soundis Bardu,{'The Sopranos': 'Rahimah'}
John Clark Jorgensen,"{'The Sopranos': ""The Swingin' Neckbreakers""}"
Angela Bullock,{'The Sopranos': 'Clerk'}
Angelo Di Mascio Jr.,{'The Sopranos': 'Security Guard'}
Leon Wieseltier,{'The Sopranos': 'Stewart Silverman'}
Christopher Evan Welch,{'The Sopranos': 'ER Doctor'}
Ash Roeca,{'The Sopranos': 'Rudy Diaz'}
Melissa Schneider,"{'The Sopranos': ""Photographer's Assistant""}"
Bambadjan Bamba,{'The Sopranos': 'Cyclist'}
Peter Bucossi,{'The Sopranos': 'Petey B.'}
Greg Connolly,{'The Sopranos': 'Stan'}
Serafin Falcon,{'The Sopranos': 'Esteban'}
John Nacco,{'The Sopranos': 'Contractor'}
Scott Greco,{'The Sopranos': 'Choir Member'}
Corrine Stella,{'The Sopranos': 'Woman'}
Remy K. Selma,{'The Sopranos': 'Siraj'}
Antonio Lubrano,{'The Sopranos': 'Nino'}
Jay Palit,{'The Sopranos': 'Indian Man'}
Roberto Thomas,{'The Sopranos': 'Lee'}
Neal Jones,{'The Sopranos': 'Agent Tancredi'}
Michael Hogan,{'The Sopranos': 'Dov Ginsberg'}
Megan Curry,{'The Sopranos': 'Punked-Out Coed'}
Malcolm Barrett,{'The Sopranos': 'Angelo Davis'}
Alex Rice,{'The Sopranos': 'Maggie Donner'}
Roberta Wallach,{'The Sopranos': 'Stella'}
Frankie Pace,{'The Sopranos': 'Newspaper Reporter'}
Chuck Lewkowicz,{'The Sopranos': 'Foreman'}
Cristina Ablaza,{'The Sopranos': 'Doctor'}
Thomas Jorgensen,"{'The Sopranos': ""The Swingin' Neckbreakers""}"
Humberto Gettys,{'The Sopranos': 'Marshal'}
Kimberly Guerrero,{'The Sopranos': 'Dealer #1'}
Finnerty Steeves,{'The Sopranos': 'Soccer Mom'}
Didi Wong,{'The Sopranos': 'Jade Escort'}
Hilda Evans,{'The Sopranos': 'Wanda'}
Bethany Therese,{'The Sopranos': 'Estela'}
Paolo Pagliacolo,{'The Sopranos': 'Sicilian'}
Josh Pais,{'The Sopranos': 'Zev Charney'}
Laith Nakli,{'The Sopranos': 'Mr. Fahim Ulleh Kahn'}
Alexandre Varga,{'The Sopranos': 'Michel'}
Marcos Muniz,{'The Sopranos': 'Ramon'}
Biagio Tripodi,{'The Sopranos': 'John Campisi'}
Christina Cabot,{'The Sopranos': 'Lynn'}
Clarke Thorell,{'The Sopranos': 'Steve'}
Peter Caporale,{'The Sopranos': 'Old Mutt'}
Bill Winkler,{'The Sopranos': 'Soccer Ref'}
Anthony Tavaglione,{'The Sopranos': 'Lance'}
Jennifer Jenkins,{'The Sopranos': 'Choir Member'}
Janet Bushor,{'The Sopranos': 'Nurse'}
Guido Palliggiano,{'The Sopranos': 'Pino'}
Steve Grillo,{'The Sopranos': 'Pizza Customer'}
Sheelagh Tellerday,{'The Sopranos': 'Woman'}
Jordan Gelber,{'The Sopranos': 'Bob Berg'}
Heather MacRae,{'The Sopranos': 'Administrator'}
Sharon Avendano,{'The Sopranos': 'Desk Girl'}
George T. Odom,{'The Sopranos': 'Nelson'}
Barbara Caruso,{'The Sopranos': 'Lena Fegoli'}
Jelani Jeffries,{'The Sopranos': 'Sea Scout #1'}
Maria Baan,{'The Sopranos': 'Fran'}
Chris Juell,{'The Sopranos': 'Soccer Dad'}
Jacqueline Antaramian,{'The Sopranos': 'Mrs. Fahim Ulleh Kahn'}
Susan Varon,"{'The Sopranos': 'Joan Gillespie', 'Goodfellas': 'Susan'}"
Lee R. Sellars,{'The Sopranos': 'Salesman'}
Michel Winogradoff,{'The Sopranos': 'Head Waiter'}
Maulik Pancholy,{'The Sopranos': 'Dr. Ajit Gupte'}
Mark La Mura,{'The Sopranos': 'Alan Kaplan'}
A.J. Lambert,{'The Sopranos': 'Back-Up Singer'}
Davide Borella,{'The Sopranos': 'Roberto'}
Peter Mele,{'The Sopranos': 'George Pagilieri'}
Chester West,{'The Sopranos': 'Orderly'}
Caroline Killian,{'The Sopranos': 'Choir Member'}
Robert G. McKay,{'The Sopranos': 'Orderly'}
Alida Tarallo,{'The Sopranos': 'Prostitute'}
Tim Gallin,{'The Sopranos': 'Joe Zachary'}
Margo Singaliese,{'The Sopranos': 'Lisa Cestone'}
Gregory Russell Cook,{'The Sopranos': 'Club Kid'}
Rosie Chavolino,{'The Sopranos': 'Second Dancer'}
Michael Variano,{'The Sopranos': 'Petey'}
Michael Godere,{'The Sopranos': 'Alfie'}
Stephen Sable,{'The Sopranos': 'Florida Hit Man'}
Joe Narciso,{'The Sopranos': 'Richard'}
Sidney Williams,{'The Sopranos': 'Brad Miller'}
Matt Unger,{'The Sopranos': 'Matt De Blasi'}
Garry Pastore,"{'The Sopranos': 'Jerry Basile', 'Goodfellas': ""Henry's 70's Crew""}"
Dean Edwards,{'The Sopranos': 'Charles'}
Julian Wells,{'The Sopranos': 'Waitress'}
Cal Robertson,{'The Sopranos': 'Andrew'}
Lisa Regina,{'The Sopranos': 'Kim'}
Jackson Loo,{'The Sopranos': 'Dale'}
Esley Tate,{'The Sopranos': 'Sea Scout #2'}
Jimmy Collins,{'The Sopranos': 'Charlie Garepe'}
Richard Byrne,{'The Sopranos': 'Referee'}
Mike Pniewski,{'The Sopranos': 'Deputy Featham'}
Arabella Field,{'The Sopranos': 'Amy'}
Jeremy Schwartz,{'The Sopranos': 'Biker #1'}
Noah Keen,{'The Sopranos': 'Otto'}
Doug Rand,{'The Sopranos': 'Gendarme'}
Rick Gifford,{'The Sopranos': 'Omar'}
Afeefa Ayube,{'The Sopranos': 'Afaf Kahn'}
Melanie Minichino,{'The Sopranos': 'Tara Zincone'}
Donnetta Lavinia Grays,{'The Sopranos': 'Nurse'}
Sistina Giordano,{'The Sopranos': 'Donna Amato'}
Carlos Morales,{'The Sopranos': 'Jesus Selgado'}
Simone Peart,{'The Sopranos': 'Choir Member'}
Roy Thinnes,{'The Sopranos': 'Dr. Baumgartner'}
Amy Redford,{'The Sopranos': 'ER Doctor'}
Alex Toma,{'The Sopranos': 'Kid'}
Larry Clarke,{'The Sopranos': 'Cop'}
Perez Hilton,{'The Sopranos': 'Male Student'}
Erik Weiner,{'The Sopranos': 'Manager'}
John DeBlasio,{'The Sopranos': 'S.E.T. Lineman'}
Bruce Kirkpatrick,{'The Sopranos': 'Policeman #1'}
Ramon Fernandez,{'The Sopranos': 'House Boy'}
Bill Garvey,{'The Sopranos': 'Clerk'}
Rufus Read,{'The Sopranos': 'Student'}
Carlos Pizarro,{'The Sopranos': 'Drug Dealer'}
Adam Rose,{'The Sopranos': 'Todd'}
Adam Grupper,{'The Sopranos': 'Bela Kakuk'}
Teresa Yenque,{'The Sopranos': 'Mirsa'}
Bill Rowe,{'The Sopranos': 'Curtis'}
Adrienne D. Williams,{'The Sopranos': 'Secretary #1'}
Barbara Christabella,{'The Sopranos': 'Patti'}
Mia Troche,{'The Sopranos': 'Bing Girl'}
Karen Lynn Gorney,{'The Sopranos': 'Judy'}
Danny Mastrogiorgio,{'The Sopranos': 'Kevin Mucci'}
Jeff Joseph,{'The Sopranos': 'Deputy Mayweather'}
Brian O'Neill,{'The Sopranos': 'Hollings'}
Vic Noto,{'The Sopranos': 'Viper'}
Jason Edwards,{'The Sopranos': 'Psychologist'}
Neal Benari,{'The Sopranos': 'Aaron Schaffer'}
Richard Dezmond,{'The Sopranos': 'Farhad'}
Paul DePasquale,{'The Sopranos': 'Dispatcher'}
Luc Sonzogni,{'The Sopranos': 'Waiter'}
Jen Araki,{'The Sopranos': 'Anika'}
Belinda Bissonnette,{'The Sopranos': 'Belinda'}
Aleks Shaklin,"{'The Sopranos': ""Yaryna's Father""}"
Don Striano,{'The Sopranos': 'Priest'}
Kristen Schmalz,{'The Sopranos': 'Choir Member'}
Giuseppe Zeno,{'The Sopranos': 'Tanno'}
Charles S. Dutton,{'The Sopranos': 'Officer Wilmore'}
Dick Latessa,"{'The Sopranos': ""Father L'Oiseau""}"
Capathia Jenkins,{'The Sopranos': 'Store Employee'}
Steve Mellor,{'The Sopranos': 'Bill Owens'}
David Ross,{'The Sopranos': 'Janitor'}
Anthony Indelicato,{'The Sopranos': 'S.E.T. #1'}
Gene Gabriel,{'The Sopranos': 'Policeman #2'}
Elena Aaron,{'The Sopranos': 'Bada Bing Bartender'}
Herman Chavez,{'The Sopranos': 'Street Punk'}
Marilyn Matarrese,{'The Sopranos': 'Darlene'}
Messeret Stroman,{'The Sopranos': 'Mecomia Williams'}
Sam Guncler,{'The Sopranos': 'Dealer'}
Paul Messina,{'The Sopranos': 'News Anchor'}
Mary Aguilar,{'The Sopranos': 'Cousin Grace'}
Yvonne Jung,{'The Sopranos': 'Secretary #2'}
Bob Shaw,{'The Sopranos': 'Ignatz Pravalkis'}
Chandler Parker,{'The Sopranos': 'Store Clerk'}
Angel Caban,{'The Sopranos': 'Louie Ramos'}
Gabriel Millman,{'The Sopranos': 'Lem'}
Gabby Pineo,{'The Sopranos': 'Lissie Kolpeki'}
Anna Maniscalco,{'The Sopranos': 'Bernice'}
Michael Isaiah Johnson,{'The Sopranos': 'Shabazz'}
Rebecca Wisocky,{'The Sopranos': 'Rene Cabot Moskowitz'}
Piter Marek,{'The Sopranos': 'Daryl'}
John Rue,{'The Sopranos': 'Kloski'}
Fiana Toibin,{'The Sopranos': 'Nurse'}
James Hindman,{'The Sopranos': 'Carty'}
Marni Penning,{'The Sopranos': 'Shopper'}
Ciaran Crawford,{'The Sopranos': 'Teddy'}
Lou Di Gennaro,{'The Sopranos': 'Judge'}
Ginger Kroll,{'The Sopranos': 'Clista'}
Susan Aston,{'The Sopranos': 'Evelyn'}
Rajesh Bose,{'The Sopranos': 'Gas Station Manager'}
Chris Bashinelli,{'The Sopranos': 'Kevin'}
Danielle Spezzacatena,{'The Sopranos': 'Choir Member'}
Riccardo Zinna,{'The Sopranos': 'Hotel Manager'}
Michael Kenneth Williams,{'The Sopranos': 'Ray Ray'}
Murphy Guyer,{'The Sopranos': 'S.E.T. #2'}
Diego López,{'The Sopranos': 'EMT'}
Scout,{'The Sopranos': 'The Miami Relatives'}
Judith Anderson,{'The Sopranos': 'Betty Berman'}
Melissa Maxwell,{'The Sopranos': 'Regina Hicks'}
Chris Mazzilli,{'The Sopranos': 'Restaurant Bartender'}
Ellen Orchid,{'The Sopranos': 'Dr. Sharon Zalutsky'}
Brian McCormack,{'The Sopranos': 'Greg Erwitt'}
Marianna Paolo,{'The Sopranos': 'Bernice'}
Burhan K. Uddin,{'The Sopranos': 'Cabby'}
Roslyn Ruff,{'The Sopranos': 'Plaza Receptionist'}
Michael Goldstrom,{'The Sopranos': 'Jonah Dangler'}
Carl Palmer,{'The Sopranos': 'UPS Guy'}
Hilary Flynn,{'The Sopranos': 'Josette'}
Bill Quigley,{'The Sopranos': 'Waiter'}
Triney Sandoval,{'The Sopranos': 'Agent Reyes'}
Andy Babiuk,{'The Sopranos': 'The Chesterfield Kings'}
Nic Novicki,{'The Sopranos': 'Little Person'}
Georgianne Walken,{'The Sopranos': 'Local Woman'}
Eric Zuckerman,{'The Sopranos': 'Scott'}
Felicia Graham,{'The Sopranos': 'Devonna'}
Gérald Hubert,{'The Sopranos': 'Priest'}
Luis Ruiz,{'The Sopranos': 'Superintendent'}
Kate Rogal,{'The Sopranos': 'Misha'}
Mason Pettit,{'The Sopranos': 'Ted Yacanelli'}
Merissa Morin,{'The Sopranos': 'Isabel'}
Nolan Carley,{'The Sopranos': 'Mike'}
Elizabeth Dennis,{'The Sopranos': 'Andrea'}
Jerry Capeci,{'The Sopranos': 'Jerry Capeci'}
Michelle Spezzacatena,{'The Sopranos': 'Choir Member'}
Frank Adonis,"{'The Sopranos': 'Guest #1', 'Goodfellas': 'Anthony Stabile'}"
Frank Deal,{'The Sopranos': 'R&D #1'}
Peter Napoliello,{'The Sopranos': 'Football Dad'}
Ashen Keilyn,{'The Sopranos': 'Lead Singer - The Miami Relatives'}
Monique Lola Berkley,{'The Sopranos': 'Saleswoman'}
Dimitri DeFresco,{'The Sopranos': 'Drew'}
Tim Kang,{'The Sopranos': 'Dr. Harrison Wong'}
Yul Vazquez,"{'The Sopranos': ""Reuben 'the Cuban'""}"
Sally Stewart,{'The Sopranos': 'Lenore'}
Diana Brownstone,{'The Sopranos': 'Woman Friend'}
Solje Bergman,{'The Sopranos': 'Flight Attendant'}
Mario Pane,{'The Sopranos': 'Uncle Zio'}
Michael Cavalieri,{'The Sopranos': 'E. Gary La Manna'}
Andrew Siff,{'The Sopranos': 'News Anchor'}
John Viscardi,{'The Sopranos': 'Agent Jeffries'}
Charles Anthony Burks,{'The Sopranos': 'Technician'}
Joe Moretti,{'The Sopranos': 'Security Guard'}
Vincenzo Ameruoso,"{'The Sopranos': ""Carl 'Fat Carl' Carlo""}"
Laurie Rosenwald,{'The Sopranos': 'Woman'}
Germel Younger,{'The Sopranos': 'Man in the Crowd'}
Mike Boise,{'The Sopranos': 'The Chesterfield Kings'}
Kyle Head,{'The Sopranos': 'Teenage Tony Blundetto'}
Raymond Anthony Thomas,{'The Sopranos': 'Flagman'}
Julie Boyd,{'The Sopranos': 'Evelyn McCone'}
Lila Blake Palmer,"{'The Sopranos': ""Marvin's Girlfriend""}"
Scott Davidson,{'The Sopranos': 'Bald Guy'}
Chaouki El Ofir,{'The Sopranos': 'Arab Taxi Driver'}
David Francis Calderazzo,"{'The Sopranos': ""Nick 'Spags' Spagnelli""}"
Stephanie Szostak,{'The Sopranos': 'Woman'}
Michael Gibson,{'The Sopranos': 'Greg'}
Henry Glovinsky,{'The Sopranos': 'Derek'}
Herbert Rogers,{'The Sopranos': 'Willie Overall'}
Martin Gobbee,{'The Sopranos': 'Priest'}
Jennifer Vohs,{'The Sopranos': 'Choir Member'}
Alan Levine,"{'The Sopranos': ['Guest #2', 'Lavoo']}"
Katie C. Sparer,{'The Sopranos': 'R&D #2'}
Lekel Russell,{'The Sopranos': 'Leena'}
Nigel Rawles,{'The Sopranos': 'Drummer - The Miami Relatives'}
Emanuel Loarca,{'The Sopranos': 'Delivery Guy'}
Andrea Ciannavei,{'The Sopranos': 'Waitress'}
Ava-Marie Carnevale,{'The Sopranos': 'Dr. Donna Dechristafaro'}
Geany Masai,{'The Sopranos': 'Loretta'}
Kelly AuCoin,{'The Sopranos': 'Agent Jim Ashe'}
Samrat Chakrabarti,{'The Sopranos': 'Dr. Onkar Singh'}
Ginger Kearns,{'The Sopranos': 'Pierced Girl'}
Jennifer Rainville,{'The Sopranos': 'Gillian Glessner'}
Mark McGann,{'The Sopranos': 'Face in the Crowd'}
Flint Beverage,{'The Sopranos': 'FBI Agent #1'}
Rich Hebert,{'The Sopranos': 'Dan MacDonald'}
Lou Savarese,{'The Sopranos': 'Bodyguard'}
Paul Morabito,{'The Sopranos': 'The Chesterfield Kings'}
Carolyn C. Buccino,{'The Sopranos': 'Old Woman'}
Andrew Eisenman,{'The Sopranos': 'Priest'}
Malachy Cleary,{'The Sopranos': 'Thad McCone'}
Amanda Magnavita,{'The Sopranos': 'Babysitter'}
Stéphane Soo Mongo,{'The Sopranos': 'Senegalese Man #1'}
Barbara Pindle,{'The Sopranos': 'Nurses Aide'}
Paul Borghese,{'The Sopranos': 'Guest #3'}
Geoffrey Wigdor,{'The Sopranos': 'Little Bruce'}
Frank Savino,{'The Sopranos': 'Operator #1'}
Rimas Remeza,{'The Sopranos': 'Bassist - The Miami Relatives'}
Nichelle Hines,{'The Sopranos': 'Felicia'}
Natalie Light,{'The Sopranos': 'Call Girl'}
Debargo Sanyal,{'The Sopranos': 'Orderly'}
James Lawrence,{'The Sopranos': 'Prison Inmate'}
Aaron Gryder,{'The Sopranos': 'Jockey'}
Rosemarie Hue,{'The Sopranos': 'Prosecuting Attorney'}
Erin Stutland,{'The Sopranos': 'Heather'}
Gino Cafarelli,{'The Sopranos': 'Vinny Pitts'}
Eric Seltzer,{'The Sopranos': 'Crowd Leader'}
Joe Rowley,{'The Sopranos': 'FBI Agent #2'}
Joel Blum,{'The Sopranos': 'Golfer'}
Jason Ongoco,{'The Sopranos': 'Delivery Guy'}
Fred Caiaccia,{'The Sopranos': 'Uncle Zio'}
Nick Bosco,{'The Sopranos': 'Ken Wu'}
Greg Prevost,{'The Sopranos': 'The Chesterfield Kings'}
Selenis Leyva,{'The Sopranos': 'Jill Dibiaso'}
Jojo Gonzalez,{'The Sopranos': 'Nurse Gilbert Campos'}
Susan Barnes Walker,{'The Sopranos': 'Mrs. Kimball'}
Christian Julien,{'The Sopranos': 'Senegalese Man #2'}
Sonny Passero,{'The Sopranos': 'Man in Crowd'}
Adam Heller,{'The Sopranos': 'Arnold Bellows'}
Anita Salvate,{'The Sopranos': 'Mary'}
Josh Kay,{'The Sopranos': 'Jesse'}
Patrick McNulty,{'The Sopranos': 'Hotel Clerk'}
Allyssa Magliaro,{'The Sopranos': 'Jamie Salerno'}
Russ Brunelli,{'The Sopranos': 'Guest #4'}
David Weintraub,{'The Sopranos': 'Guitarist - The Miami Relatives'}
Paul Reggio,{'The Sopranos': 'Operator #2'}
Nick Di Paolo,{'The Sopranos': 'Joey the Cop'}
Jolan Boockvor,{'The Sopranos': 'Cocktail Waitress'}
Bruce Barney,{'The Sopranos': 'Veterinarian'}
Michael Zegen,{'The Sopranos': 'Partygoer'}
Scott Johnsen,{'The Sopranos': 'Cop'}
Vic Martino,{'The Sopranos': 'Muzzy Nardo'}
Demo DiMartile,{'The Sopranos': 'Waiter'}
Patrick J. O'Connor,{'The Sopranos': 'Doorman'}
Daniel Stewart Sherman,{'The Sopranos': 'Ron Senkowski'}
Carmen López,{'The Sopranos': 'Nurse Alfeo'}
Austin Jones,{'The Sopranos': 'Omni Clerk'}
Sal Darigo,{'The Sopranos': 'Old Man'}
Kristen Cerelli,{'The Sopranos': 'Jen Fazio'}
Leo Daignault,{'The Sopranos': 'Don'}
Gustavo Cunha,{'The Sopranos': 'Armando'}
Andrew Schneider,{'The Sopranos': 'Mr. Bauer'}
Mamadou Sall,{'The Sopranos': 'Senegalese Man #3'}
Lin-Manuel Miranda,{'The Sopranos': 'Bellman'}
Mimi Lieber,{'The Sopranos': 'Stacey Bellows'}
Dillon Woolley,{'The Sopranos': 'Max'}
Julia Thompson,{'The Sopranos': 'Lucy Salerno'}
Gary Lamadore,{'The Sopranos': 'Chuckie'}
Phil La Rocco,{'The Sopranos': 'Wiseguy'}
Jessica Ripton,{'The Sopranos': 'Pizza Customer #2'}
Buddy Fitzpatrick,{'The Sopranos': 'ER Doctor'}
Robert Salas,{'The Sopranos': 'Plain Tribesman'}
John E. Kelly,{'The Sopranos': 'Photographer'}
Shawn Leggett,{'The Sopranos': 'Keryl'}
Myk Watford,{'The Sopranos': 'Cop #1'}
Sarah Ireland,{'The Sopranos': 'Woman'}
Barret Wall,{'The Sopranos': 'Football Player'}
Colby Trane,{'The Sopranos': 'Guy'}
Julia Montgomery Brown,{'The Sopranos': 'Waspy Housewive'}
Sallie Toussaint,{'The Sopranos': 'Blinged-Out Girlfriend'}
Jeff Williams,{'The Sopranos': 'Another Member'}
Joe Caniano,{'The Sopranos': 'Teddy Spirodakis'}
Tanya P.,{'The Sopranos': 'The Virgin Mary'}
Mario D'Elia,"{'The Sopranos': 'Benny Fazio, Sr.'}"
Nicolas Salgado,{'The Sopranos': 'Dylan'}
Connie Teng,{'The Sopranos': 'Yaolin'}
Hunter Gallagher,{'The Sopranos': 'Brad'}
Mary Louise Wilson,{'The Sopranos': 'Catherine'}
Etan Maiti,{'The Sopranos': 'Jason'}
Jonny Spanish,{'The Sopranos': 'Junkie'}
Irma-Estel LaGuerre,{'The Sopranos': 'Native American Woman #1'}
Philliph Oden,{'The Sopranos': 'Jemilo'}
Manu Narayan,{'The Sopranos': 'Sukhjit Khan'}
Joanna Bonaro,{'The Sopranos': 'Hysterical Woman'}
Angel Feliciano,{'The Sopranos': 'Bellman'}
DeVone Lawson Jr.,{'The Sopranos': 'Cop #2'}
Erik Schark,{'The Sopranos': 'Sommelier'}
Mueen Jahan,{'The Sopranos': 'Dr. Vahabsideh'}
Judy Prianti,{'The Sopranos': 'Connie Fazio'}
Kate Buddeke,{'The Sopranos': 'Nora Minter'}
Frank Carlo,{'The Sopranos': 'Teenager'}
Michael Malone,{'The Sopranos': 'Antique Store Owner'}
Anthony Garcia,{'The Sopranos': 'Teenager #1'}
Jean Brassard,{'The Sopranos': 'French Canadian Man #1'}
Leah Bezozo,{'The Sopranos': 'Kennedy'}
Peter Benedek,{'The Sopranos': 'Ken'}
Colton Parsons,{'The Sopranos': 'Boy'}
Brian Anthony Wilson,{'The Sopranos': 'Warren Dupree'}
Carlos Lopez,{'The Sopranos': 'FBI Technician'}
Dino Palermo,"{'The Sopranos': ""Junior's Friend""}"
Chad Tucker,{'The Sopranos': 'Darryl'}
Joe Napoleone,{'The Sopranos': 'Bartender'}
Sami Sargent,{'The Sopranos': 'Native American Woman #2'}
Elaine Hyman,{'The Sopranos': 'Dot'}
Pablo Hernandez,{'The Sopranos': 'Delivery Boy'}
Lenny Singer,{'The Sopranos': 'Uncle Jack'}
Dierdre Friel,{'The Sopranos': 'Sandy'}
Guy Paul,{'The Sopranos': 'Jeep Owner'}
Steve Stanulis,{'The Sopranos': 'Desk Sergeant'}
Quentin Heggs,{'The Sopranos': 'African-American Guy'}
Joe Delafield,{'The Sopranos': 'Intern'}
Ai Kiyono,{'The Sopranos': 'Sushi Waitress'}
Joey Vega,{'The Sopranos': 'U.S. Marshal #1'}
Michael Serratore,{'The Sopranos': 'Driver'}
Cal Crenshaw,{'The Sopranos': 'Local Man'}
Maria Hernandez,{'The Sopranos': 'Latino Woman'}
Kelvin Santos,{'The Sopranos': 'Teenager #2'}
James Lorenzo,{'The Sopranos': 'Roger'}
Christiana Anbri,{'The Sopranos': 'Heidi'}
Michael H. Ingram,{'The Sopranos': 'F.B.I. Agent'}
Shannon Koob,{'The Sopranos': 'Joyce'}
Richard Litt,{'The Sopranos': 'Moderator'}
James Coyle,{'The Sopranos': 'Salesman #1'}
Maxime De Toledo,{'The Sopranos': 'French Canadian Man #2'}
Kevin McKelvey,{'The Sopranos': 'U.S. Marshal Lunt'}
Lou Bonacki,{'The Sopranos': 'Francis Satriale'}
Michael Strano,{'The Sopranos': 'FBI Agent'}
Matthew Weathers,{'The Sopranos': 'Anklave'}
Christopher O'Hara,{'The Sopranos': 'Band Member #1'}
Susan Pourfar,{'The Sopranos': 'Gillian'}
Rolando J. Vargas,{'The Sopranos': 'Ecuadorian Man'}
Sylvia Kowalczuk,{'The Sopranos': 'Harpist'}
Chris McGinn,{'The Sopranos': 'Waitress'}
Alicia Lorén,{'The Sopranos': 'Eden'}
Lisa Miller,{'The Sopranos': 'Bada Bing Waitress'}
Jon Shaver,{'The Sopranos': 'Tall Man'}
Teresa Meza,{'The Sopranos': 'U.S. Marshal #2'}
Diane Martella,{'The Sopranos': 'Old Woman at Parade'}
Joyce Roach,{'The Sopranos': 'Grandma'}
Qadir Forbes,{'The Sopranos': 'Kid #1'}
Jonathan Marino Cuellar,{'The Sopranos': 'Teenager #3'}
Amy Russ,{'The Sopranos': 'Female F.B.I. Agent'}
Mando Alvarado,{'The Sopranos': 'Felix'}
John Mainieri,{'The Sopranos': 'Ira Shortz'}
Tod Engle,{'The Sopranos': 'Salesman #2'}
Bruce Faulk,{'The Sopranos': 'U.S. Marshal Rawley'}
Paige Allen,{'The Sopranos': 'Reporter #1'}
Drew Wininger,{'The Sopranos': 'Fan'}
Mark Damiano II,{'The Sopranos': 'Young Tony Soprano'}
Elise Bretton,{'The Sopranos': 'Green Grove Singer'}
Danny Roselle,{'The Sopranos': 'Band Member #2'}
Jay Alvarez,{'The Sopranos': 'Loan Officer'}
Ariana Delawari,{'The Sopranos': 'Shelly'}
Robert Hirschfeld,{'The Sopranos': 'Judge Holzer'}
Robert O'Gorman,{'The Sopranos': 'Local Guy'}
Amber Gross,{'The Sopranos': 'Hostess'}
Matthew Stocke,{'The Sopranos': 'EMT'}
Peter O'Hara,{'The Sopranos': 'Jock Guy'}
Daveed Ramsay,{'The Sopranos': 'Kid #2'}
Keith Thomas Brown,{'The Sopranos': 'Keshawn'}
Francis W. Erigo,{'The Sopranos': 'Old Woman in Church'}
Ian Blackman,{'The Sopranos': 'Salesman #3'}
Colleen Morris Glennon,{'The Sopranos': 'Nanny'}
Igor Litwinowicz,{'The Sopranos': 'Karyl'}
Jeff Talbott,{'The Sopranos': 'Father'}
Maria Iadonisi,"{'The Sopranos': ""Larry Barese's Wife""}"
Lawrence Bingham,{'The Sopranos': 'Construction Worker'}
Paul Mollo,{'The Sopranos': 'Croupier'}
Helen Miles,{'The Sopranos': 'Green Grove Singer'}
Juliet Fox,{'The Sopranos': 'Young Janice Soprano'}
James Farrell,{'The Sopranos': 'Band Member #3'}
Victor Matamoros,{'The Sopranos': 'Attorney'}
Hal Holbrook,{'The Sopranos': 'John Schwinn'}
Alysia Reiner,{'The Sopranos': 'Linda Vaughn'}
Meital Dohan,{'The Sopranos': 'Yael'}
Jason Loftus,{'The Sopranos': 'Bellhop'}
Brigid Brady,{'The Sopranos': 'Woman'}
Pietro González,{'The Sopranos': 'Hispanic Guy'}
Alex Mitchell,{'The Sopranos': 'Kid #3'}
Angel Fajardo,{'The Sopranos': 'Colombian #1'}
Ian Colletti,{'The Sopranos': 'Kid'}
Jeanine Flynn,{'The Sopranos': 'Dealer'}
Ariana DiLorenzo,{'The Sopranos': 'Alexandra Lupertazzi'}
Ray Norberto,{'The Sopranos': 'Player'}
Paul Lombardi,{'The Sopranos': 'Reporter #3'}
Jean Marie Evans,"{'The Sopranos': ['Green Grove Singer', 'Aunt Louise']}"
Elxis McLaren,{'The Sopranos': 'Young Barbara Soprano'}
Bonnie Rose,{'The Sopranos': 'Salesperson'}
Walter J. Lockhart,{'The Sopranos': 'Band Member #4'}
Joseph La Rocca,{'The Sopranos': 'Rich Alberga'}
Laura Niemi,{'The Sopranos': 'Roxanne'}
Rene Rosado,{'The Sopranos': 'Hispanic Kid'}
Chris Colombo,{'The Sopranos': 'Colombian #2'}
Jay Russell,{'The Sopranos': 'Clerk'}
Matlok,{'The Sopranos': 'Kid #4'}
Gabriel Cano,{'The Sopranos': 'Latino Kid #1'}
John O'Hara,{'The Sopranos': 'Lover #1'}
Lauren Potter,{'The Sopranos': 'Dancer'}
Kevin Garrity,{'The Sopranos': '1st Basketball Announcer'}
Larry Sherman,{'The Sopranos': 'Green Grove Singer'}
Roy Milton Davis,{'The Sopranos': 'Wino'}
Nick Choksi,{'The Sopranos': 'Guy #1'}
Brian Gilbert,{'The Sopranos': 'Kid #5'}
Carmine Parisi,{'The Sopranos': 'Priest'}
Francisco Burgos,{'The Sopranos': 'Latino Kid #2'}
Channing Pourchot,{'The Sopranos': 'Carla'}
Brianne Moncrief,{'The Sopranos': 'Lover #2'}
Charlie Minn,{'The Sopranos': '2nd Basketball Announcer'}
Madeline Kearns,{'The Sopranos': 'Green Grove Singer'}
Ali Wright,{'The Sopranos': 'Kid'}
Caroline Rossi,{'The Sopranos': 'Violet Lupertazzi'}
Katie Lowes,{'The Sopranos': 'Gillian'}
Michael De Luca,{'The Sopranos': 'Cop'}
Dee Nelson,{'The Sopranos': 'Erica'}
Emily Vaughan,{'The Sopranos': 'Conference Center Host'}
Sal Di Piazza,{'The Sopranos': 'Bookie'}
Derek Milman,{'The Sopranos': 'Film Type'}
Joseph Anania,{'The Sopranos': 'Waiter'}
Jimmy DellaValle,{'The Sopranos': 'Gunman'}
Renee Franca,{'The Sopranos': 'Waitress'}
Enya Flack,{'The Sopranos': 'Janine'}
Joe Forbrich,{'The Sopranos': 'Federal Marshal'}
Douglas Ryan,{'The Sopranos': 'Store Owner'}
Anthony Stropoli,{'The Sopranos': 'Rick'}
Saidah Arrika Ekulona,{'The Sopranos': 'Tour Guide'}
Salma Valentina,{'The Sopranos': 'Waitress'}
Tobin Bell,"{'The Sopranos': 'Major Zwingli', 'Goodfellas': 'Parole Officer'}"
Michael O'Looney,{'The Sopranos': 'Newscaster'}
Drummond Erskine,{'The Sopranos': 'Uncle Zio'}
John Lanzillotto,{'The Sopranos': 'Mook'}
Angelle Brooks,{'The Sopranos': 'Liaison Woman'}
Jimmy Smagula,{'The Sopranos': 'Wise Guy #1'}
Stephan Morrow,{'The Sopranos': 'Another Local'}
Tony White,{'The Sopranos': 'Orderly'}
Jill Lord,{'The Sopranos': 'Woman'}
John Montone,{'The Sopranos': 'Radio Reporter'}
Victor Cruz,{'The Sopranos': 'First Valet'}
Rosemarie Dana,{'The Sopranos': 'Old Lady'}
Alexandra Daddario,{'The Sopranos': 'Another Woman'}
Dylan Bruce,{'The Sopranos': 'Doorman'}
Jared Blake DiCroce,{'The Sopranos': 'Wise Guy #2'}
Christopher Maggi,{'The Sopranos': 'Butcher'}
Shortee Red,{'The Sopranos': 'Teen #1'}
Jorge Pupo,{'The Sopranos': 'Second Valet'}
Faina Reinhardt,{'The Sopranos': 'Kimmie'}
Aurelia Williams,{'The Sopranos': 'Female Orderly'}
Ray DeMattis,{'The Sopranos': 'Gerry Gaultieri'}
Rydell Rollins,{'The Sopranos': 'Teen #2'}
Gillien Goll,{'The Sopranos': 'Guest'}
Joseph Scarpinito,"{'The Sopranos': ""Paulie's Friend""}"
Alberto Bonilla,{'The Sopranos': 'Alonso'}
Stephen Brian Jones,{'The Sopranos': 'Patient'}
Philip Anastasia,{'The Sopranos': 'Emcee'}
John Di Domenico,{'The Sopranos': 'Howie Reinstein'}
Daniel Bacote,{'The Sopranos': 'Teen #3'}
Frank Vallelonga,{'The Sopranos': 'Mourner #1'}
Neil Levine,{'The Sopranos': 'Another Guest'}
Jose Sanchez,{'The Sopranos': 'Hector'}
Taryn O'Brae,{'The Sopranos': 'Bridesmaid'}
Dina Pearlman,{'The Sopranos': 'Ellen Reinstein'}
T.J. Allen,{'The Sopranos': 'Teen #4'}
Valerie Romanoff,{'The Sopranos': 'Band Leader'}
Joe Abbate,{'The Sopranos': 'Man #1'}
Joe Iacona,"{'The Sopranos': ""Johnny's Dad""}"
Jane Kim,{'The Sopranos': 'Dominique'}
Michelle Candela,{'The Sopranos': 'Sal Pisano'}
Chioma Chidebeln-Eze,{'The Sopranos': 'Starlight Orchestra'}
Erik Martin,{'The Sopranos': 'Nurse Hasley'}
Sejal Shah,{'The Sopranos': 'Chandrakanta Pisano'}
Paolo Colandrea,{'The Sopranos': 'Man in Members Only Jacket'}
Joe Giordanella,{'The Sopranos': 'Nicky'}
Caren Cole,{'The Sopranos': 'Starlight Orchestra'}
Irma St. Paule,{'The Sopranos': 'Aunt Grace'}
Filippo Bozotti,{'The Sopranos': 'Giovanni Coppito'}
George Pogatsia,{'The Sopranos': 'Frankie'}
Jimmy Spadola,{'The Sopranos': 'Man in Diner'}
Marc Wolf,{'The Sopranos': 'Mark Lewis'}
Andrea Eigner,{'The Sopranos': 'Starlight Orchestra'}
Peter Salzer,{'The Sopranos': 'Elderly Man'}
Susan Porro,"{'The Sopranos': ""J.T. Dolan's Girlfriend""}"
Michelle Maryk,{'The Sopranos': 'Jo Lewis'}
Carol Scudder,{'The Sopranos': 'Diner Waitress'}
Erin Henry,{'The Sopranos': 'Starlight Orchestra'}
David Coburn,{'The Sopranos': 'Bartender'}
Bjorn Johnson,{'The Sopranos': 'Photographer'}
Du Kelly,{'The Sopranos': 'African American Man #1 in Diner'}
Allison Miller,{'The Sopranos': 'Starlight Orchestra'}
Jerry Russo,{'The Sopranos': 'Wedding Guest'}
John Robert Tramutola,{'The Sopranos': 'Boy #1'}
Sharrieff Pugh,{'The Sopranos': 'African American Man #2 in Diner'}
Al Roffe,{'The Sopranos': 'Operations Manager'}
Deborah Pilley,{'The Sopranos': 'Starlight Orchestra'}
Nikki E. Walker,{'The Sopranos': 'Jamaican Nurse'}
Joseph Emmi,{'The Sopranos': 'Boy #2'}
Shawtane Monroe Bowen,{'The Sopranos': 'Technician'}
Guy A. Fortt,{'The Sopranos': 'Guard'}
Patrick Joseph Connolly,{'The Sopranos': 'Truck Driver in Diner'}
Sue Terry,{'The Sopranos': 'Starlight Orchestra'}
John Kozan,{'The Sopranos': 'Wedding Singer #1'}
Joselin Reyes,{'The Sopranos': 'Nurse Rosario'}
Patti Karr,{'The Sopranos': 'Old Woman in Diner'}
Ralph McCain,{'The Sopranos': 'Another Patient'}
Susan Terwilliger,{'The Sopranos': 'Starlight Orchestra'}
Shana Steele,{'The Sopranos': 'Wedding Singer #2'}
William Severs,{'The Sopranos': 'Old Man in Diner'}
Laura E. Johnston,{'The Sopranos': 'Nurse'}
Nico Hartos,{'The Sopranos': 'Jabberer #1'}
Adrianne Rae Rodgers,{'The Sopranos': 'Young Woman in Diner'}
Laura Mills McClatchy,{'The Sopranos': 'Croupier #1'}
Gregory Zaragoza,{'The Sopranos': 'Croupier #2'}
Henry O'Neill,{'The Sopranos': 'Young Man in Diner'}
Clayton Dean Smith,{'The Sopranos': 'Jabberer #2'}
Jo Newman,"{'The Sopranos': ""Gerry's Goomar""}"
Luis Lassen,{'The Sopranos': 'Senior Worker'}
Stuart Rudin,{'The Sopranos': 'Jabberer #3'}
Julie Rogelstad,"{'The Sopranos': ""Silvio's Goomar""}"
Tommy Riccardo,{'The Sopranos': 'Wedding Band'}
Alexander Flores,{'The Sopranos': 'Kid'}
Bruce Bennetts,{'The Sopranos': 'Photographer'}
Nicholas Mazzeo,{'The Sopranos': 'Boy #1'}
Jacob Lobosco,{'The Sopranos': 'Boy #2'}
Francesco Fusaro,{'The Sopranos': 'Boy #3'}
Justine Caputo,{'The Sopranos': 'Girl #1'}
Gia Bella Adamo,{'The Sopranos': 'Girl #2'}
Peter Austin Noto,"{'The Sopranos': ""Tony's Friend""}"
Dared Wright,{'The Sopranos': 'Hospital Worker'}
Sonny Vellozzi,{'The Sopranos': 'Bada Bing Customer'}
Gaetano LoGiudice,"{'The Sopranos': 'Bada Bing Patron', 'Goodfellas': ""Henry's 70's Crew""}"
Joe Mancini,{'The Sopranos': 'Bada Bing Crew'}
Paula Rittie,{'The Sopranos': 'AA member'}
David Chase,{'The Sopranos': 'Airline Passenger'}
Josh Mowery,{'The Sopranos': 'FBI Agent'}
Angela Frye,{'The Sopranos': 'Crackhead'}
Stewart Summers,{'The Sopranos': 'Attorney'}
Krystal Browning,{'The Sopranos': 'Upper-class Restaurant Patron'}
Craig Zucchero,"{'The Sopranos': ""Uncle Junior's Bodyguard""}"
John Landolfi,{'The Sopranos': 'Bar Patron'}
Antonio Saillant,{'The Sopranos': 'Bodyguard'}
Frank Delano,{'The Sopranos': 'Bada Bing Wise Guy'}
Ty Copeman,{'The Sopranos': 'FBI Agent'}
David Von Roehm,{'The Sopranos': 'Cousin at BBQ'}
Bill Chemerka,{'The Sopranos': 'Construction Worker'}
James Denapoli,{'The Sopranos': 'Gangster'}
Stefanie Barbato,{'The Sopranos': 'Woman'}
Jaclynn Tiffany Brown,{'The Sopranos': 'Party Girl'}
Keith Leonard,{'The Sopranos': 'Bar Patron'}
Larry Russo,{'The Sopranos': 'Family Friend'}
Jim Ford,{'The Sopranos': 'Cashier'}
Tommy Bayiokos,{'The Sopranos': 'Cafeteria Orderly'}
Gina Hernandez,{'The Sopranos': 'Bacarat Player'}
Kenny Shapiro,{'The Sopranos': 'Precision Driver'}
Basil Kershner,{'The Sopranos': 'Construction Worker'}
Morgan Saylor,{'The Sopranos': 'Young Meadow'}
Wendy Hammers,{'The Sopranos': 'Fake Carmella'}
Andrea Bertola Shaw,{'The Sopranos': 'Cocktail Waitress'}
Rick Collum,"{'The Sopranos': ""Satriale's Cashier""}"
Keith Middlebrook,"{'The Sopranos': ""Tony's Friend""}"
Joe Remy Dolinsky,{'The Sopranos': 'Mental Patient'}
Enrique Novello,{'The Sopranos': 'Prisoner'}
Michael Masucci,{'The Sopranos': 'Bar patron'}
Richard DeDomenico,{'The Sopranos': 'Waiter John'}
Tim Realbuto,{'The Sopranos': 'Jimmy'}
Anthony Robles,{'The Sopranos': 'Young Tony Soprano'}
Dar Billingham,{'The Sopranos': 'Lifeguard'}
Robin Fusco,"{'The Sopranos': ""AJ's Date""}"
Rick Collins,{'The Sopranos': 'N.J. Trooper'}
Sean Fredricks,{'The Sopranos': 'Kid'}
Vito Picone,"{'The Sopranos': 'Vito', 'Goodfellas': 'Vito'}"
Kerry Donelli,{'The Sopranos': 'Field Reporter'}
Jenni Graham,{'The Sopranos': 'Bowdoin Student'}
Carlos Valencia,{'The Sopranos': 'College Athlete'}
Shashi Balooja,{'The Sopranos': 'Self'}
Brett Glazer,{'The Sopranos': 'Student'}
Anna Damergis,{'The Sopranos': 'Bridesmaid'}
Lynda Lenet,"{'The Sopranos': ""Christopher's Mother""}"
Heather Whittington,{'The Sopranos': 'Biker chick'}
James M. Palombo,{'The Sopranos': 'Restaurant Patron'}
Charlie Schlatter,{'The Sopranos': 'Dr. Jesse Travis'}
John Doman,{'The Sopranos': 'District Attorney'}
Denise Burse,{'The Sopranos': 'Nurse #2'}
Andrew Elvis Miller,{'The Sopranos': 'Drug Addict'}
Martin Pfefferkorn,{'The Sopranos': 'Prisoner'}
Ron Van Clief,{'The Sopranos': 'Protester #5'}
Leslie Denniston,{'The Sopranos': 'Nurse #2'}
Derrick Simmons,{'The Sopranos': 'Protester #2'}
Todo Segalla,{'The Sopranos': 'Construction Worker'}
Daria Rumi,{'The Sopranos': 'Angelina'}
Julia Carothers Hughes,{'The Sopranos': 'Girl in Country Club'}
Todd Carroll,{'The Sopranos': 'Acting Student'}
Americo Presciutti,{'The Sopranos': 'Waiter'}
Craig Mitchell,{'The Sopranos': 'Construction Worker'}
Paul Bucossi,{'The Sopranos': 'Wiseguy #4'}
Vinny De Vingo,{'The Sopranos': 'Badda Bing Patron'}
Michael Criscuolo,{'The Sopranos': 'Frat Boy'}
Don Picard,{'The Sopranos': 'Wiseguy #1'}
Herb Kerr,{'The Sopranos': 'Protester #6'}
Vic Bucossi,{'The Sopranos': 'Wiseguy #5'}
Lady Gaga,{'The Sopranos': 'Girl at Swimming Pool #2'}
Joe Mantegna,{'The Sopranos': 'Mercedes ad voiceover'}
Sian Heder,{'The Sopranos': 'Young Waitress'}
David Ojalvo,{'The Sopranos': 'Vesuvio Patron'}
Lori Pizzo,{'The Sopranos': 'Cocktail Waitress'}
Charlie Kevin,{'The Sopranos': 'Russian Thug'}
Pete Macnamara,{'The Sopranos': 'Restaurant Patron'}
Carson Grant,{'The Sopranos': 'Mr. Pacifico'}
Paul Cicero,{'The Sopranos': 'Card Player #1'}
Charlie Sara,{'The Sopranos': 'Bar Patron'}
Barry Shurchin,{'The Sopranos': 'Man'}
James Feuer,{'The Sopranos': 'Vince'}
Patrick Riviere,{'The Sopranos': 'NJ Police Officer'}
David Madison,{'The Sopranos': 'Pallbearer'}
Randi Newton,{'The Sopranos': 'Donna'}
Jack Lotz,{'The Sopranos': 'Card Player #2'}
Shireen Kadivar,{'The Sopranos': 'Middle Eastern Woman at Hospital'}
Tony Rhune,{'The Sopranos': 'Cook'}
Nick Chinlund,{'The Sopranos': 'Chief Doug Smith'}
Deirdre Lorenz,"{'The Sopranos': ""Tony's Date""}"
Ethan S. Smith,{'The Sopranos': 'Fountain Blue Bus Boy'}
Kaye Kittrell,{'The Sopranos': 'Sick Woman'}
Elizabeth Wood,{'The Sopranos': 'Lunch Woman'}
Ayelet Argaman,{'The Sopranos': 'Spa Guest'}
Gráinne de Buitléar,{'The Sopranos': 'Icelandic Air Stewardess'}
Patrick Ezerzer,{'The Sopranos': 'Miami Mobster'}
Jon Lonoff,{'The Sopranos': 'Union Enforcer'}
Kathleen Wilce,{'The Sopranos': 'Mom with Stroller'}
Philip Ng,{'The Sopranos': 'American Indian Protester'}
James Hoff,{'The Sopranos': 'Courtroom artist'}
Benjamin Clapp,{'The Sopranos': 'Crazy Horse Patron'}
Donna Castellano,{'The Sopranos': 'Cousin Mary'}
Frank Cristantiello,{'The Sopranos': 'Band Member'}
Richard Zhuravenko,"{'The Sopranos': ""Principal's Son""}"
Anthony Robbins,{'The Sopranos': 'Self'}
Michalina Scorzelli,{'The Sopranos': 'Family Friend'}
Lucian Buscemi,{'The Sopranos': 'Boy in restaurant'}
Justiin A. Davis,{'The Sopranos': 'Church Kid'}
Bruce Roberts,{'The Sopranos': 'Blackjack Dealer'}
Richard Lounello,{'The Sopranos': 'Best Man'}
Michael Buonomo,{'The Sopranos': 'Partygoer'}
Jeffrey Todd,{'The Sopranos': 'Partygoer'}
Lauren Adler,{'The Sopranos': 'Bridesmaid'}
Mike Caravella,{'The Sopranos': 'Italian Ice Man'}
Maureena Galindo,{'The Sopranos': 'Bartender'}
Alicia Regan,{'The Sopranos': 'Cousin'}
Beth Laufer,{'The Sopranos': 'Mrs. Millio'}
Stephen Humby,{'The Sopranos': 'Plaza Guest'}
Scott Addison Clay,{'The Sopranos': 'Crazy Horse Patron'}
Pat Chambers,{'The Sopranos': 'Woman in Car Window'}
Joe Huu,{'The Sopranos': 'Extra'}
Kevin Rivera,{'The Sopranos': 'Marcus'}
Stéphanye Dussud,{'The Sopranos': 'Benetton Shopper'}
Alex Revan,{'The Sopranos': 'FBI Agent #3'}
Peter Cavnoudias,{'The Sopranos': 'Bing Customer'}
Kai Wong,{'The Sopranos': 'Partygoer'}
Linda Rivera Bradt,{'The Sopranos': 'Girl in Gray Sweatsuit'}
Silverio Avellino,{'The Sopranos': 'Paul Vitro'}
Michael Christaldi,{'The Sopranos': 'Gangster in Bar'}
Roseanne D'Emidio,"{'The Sopranos': ""Paulie's Champagne Guest""}"
Jennifer Rapp,"{'The Sopranos': ""Meadow's Friend""}"
Greg Manning,{'The Sopranos': 'Chris'}
Stacey Raymond,{'The Sopranos': 'Wedding Guest'}
Brendan Burke,{'The Sopranos': 'Construction Worker'}
Kent Moran,{'The Sopranos': 'Party Goer'}
Brian Donahue,{'The Sopranos': 'Angry Roofer'}
Andrew Kaempfer,{'The Sopranos': 'Golf Caddy'}
Jack Dimich,{'The Sopranos': 'FBI Agent'}
Jonah Falcon,{'The Sopranos': 'Dave'}
Olja Hrustic,{'The Sopranos': 'Russian Girlfriend'}
Matthew R. Staley,{'The Sopranos': 'Jabberer'}
Dionne Audain,{'The Sopranos': 'Nurse'}
Barry Sigismondi,{'The Sopranos': 'Dr. Cipolla'}
Rosemary Howard,{'The Sopranos': 'Fair Patron'}
Danny Nero,{'The Sopranos': 'Hotel Guest'}
Keith Moyer,{'The Sopranos': 'Hospital Patient'}
Christopher Place,{'The Sopranos': 'Thug #2'}
Casey James,{'The Sopranos': 'Limo Driver'}
Cristina Duarte,{'The Sopranos': 'Waitress'}
David Shumbris,{'The Sopranos': 'Eli Kaplan'}
Eli Harris,{'The Sopranos': 'Camera man'}
Shevy Gutierrez,{'The Sopranos': 'Waiter'}
Kevin Anton,{'The Sopranos': 'Best Man'}
Andrew Ginsburg,{'The Sopranos': 'Wedding Guest'}
Turi Haim,{'The Sopranos': 'Customer'}
Dana Power,{'The Sopranos': 'Russian Girlfriend'}
Adrienne Gelo,{'The Sopranos': 'Bada Bing Cocktail Waitress'}
Tamara Knausz,{'The Sopranos': 'Cocktail waitress at club'}
Arick Salmea,{'The Sopranos': 'Limo Driver'}
Lauren Lomma,{'The Sopranos': 'Wedding Guest'}
Lloyd Booker,{'The Sopranos': 'Resturant Patron'}
Samantha Zweben,{'The Sopranos': 'Hospital Visitor'}
Gerrold Vincent,{'The Sopranos': 'Club Dancer'}
Simone Butler,{'The Sopranos': 'Wedding Planner'}
Ernest Heinz,{'The Sopranos': 'Thief'}
Jennifer Layne Park,{'The Sopranos': 'Waitress'}
Francesco D'Onofrio,{'The Sopranos': 'Ring Bearer'}
Isaac Schinazi,{'The Sopranos': 'Wedding Guest'}
Luke Rosen,{'The Sopranos': 'Jeff'}
Edgar Ribon,{'The Sopranos': 'Carnival Patron'}
Mark Langston,{'The Sopranos': 'Wedding Guest'}
Michael E. Bell,{'The Sopranos': 'Shopper'}
Kevin Paul,{'The Sopranos': 'Waiter'}
Chrismandu,{'The Sopranos': 'Mental Patient'}
Nicole Jesson,"{'The Sopranos': ""Irish Woman at St. Elzear's Fair""}"
Russell Gibson,{'The Sopranos': 'Funeral Director'}
Luis Dalmasy Jr.,{'The Sopranos': 'Orderly'}
Dono Cunningham,{'The Sopranos': 'Doctor'}
Vincent Riviezzo,{'The Sopranos': 'Self'}
Loukas Papas,{'The Sopranos': 'Carlos The Maitre D'}
Brian Murray,{'The Sopranos': 'Alter Boy'}
Dennis Albanese,{'The Sopranos': 'Priest'}
Danny Hayden,{'The Sopranos': 'Barfly'}
David C. Roehm Sr.,{'The Sopranos': 'Hospital Patient'}
Karen Collazzo,{'The Sopranos': 'St. Elzear Festival Participant'}
Keith P. Scott,{'The Sopranos': 'Waiter'}
Schuster Vance,{'The Sopranos': 'Bickering husband at grocery store'}
Robert Feeley,{'The Sopranos': 'Rehab Patient'}
Katherine Hoskins Mackey,{'The Sopranos': 'Surgeon'}
Jeff Nathan,{'The Sopranos': 'Flag Holder'}
R.J. Romano,{'The Sopranos': 'Club Goer'}
Emiko Koizumi,{'The Sopranos': 'Hospital Visitor'}
Tony Galtieri,{'The Sopranos': 'Construction Worker'}
David Benaroya,{'The Sopranos': 'Fat Jew'}
Aristedes Philip DuVal,{'The Sopranos': 'Mental Patient'}
Christopher Del Gaudio,{'The Sopranos': 'Wedding Guest'}
Mike Di Stasio,{'The Sopranos': 'St. Elzear Festival Participant'}
Sue Sadik,{'The Sopranos': 'Fair Attendee'}
Nancy Otero,{'The Sopranos': 'Restaurant Patron'}
Chris T. Margaritis,"{'The Sopranos': ""A.J.'s Bodyguard""}"
Brother Eden Douglas,{'The Sopranos': 'Fedora Jazz Musician'}
Liz Ross,{'The Sopranos': 'Nurse'}
Erika Maconi,{'The Sopranos': 'Wedding guest'}
Joey Cocozza,"{'The Sopranos': ""Satriale's Store Clerk""}"
Ted Lewinski,{'The Sopranos': 'Bada Bing Customer'}
Jeremy J. Sullivan,{'The Sopranos': 'Fruit Basket Deliveryman'}
Patrick Blumer,{'The Sopranos': 'Home Buyer'}
Thomas A. McMahon,{'The Sopranos': 'Wise Guy Wedding Guest'}
Tim Lamendola,{'The Sopranos': 'Calzone Booth Operator'}
James Matarazzo Jr.,{'The Sopranos': 'Bar Patron'}
Megan O'Leary,{'The Sopranos': 'Diner'}
Randy Blair,"{'The Sopranos': ""Nurse's Aide""}"
Norman Schleiffer,{'The Sopranos': 'Wedding Guest'}
Jennifer Hall,{'The Sopranos': 'Girl in Hospital with AJ'}
David An,{'The Sopranos': 'Cafe Manager'}
Kevin Scott Allen,{'The Sopranos': 'Dr. Baudoin'}
Alexander Blaise,{'The Sopranos': 'French chef'}
Elissa Kapneck,{'The Sopranos': 'Bikini Model'}
Nicholas Simmons,{'The Sopranos': 'Lounging Beachgoer'}
Dani Marco,{'The Sopranos': 'Bada Bing Waitress'}
Elli,{'The Sopranos': 'Muslim Cleric'}
Uziman,{'The Sopranos': 'Gas Station Attendant'}
Jack Hammel,{'The Sopranos': 'Wiseguy'}
Steven Weisz,{'The Sopranos': 'Party Guest'}
David Boston,"{'The Sopranos': ""Phil Leotardo's Crew Member""}"
Jay Eftimoski,{'The Sopranos': 'Student'}
Janet Miranda,{'The Sopranos': 'Freind of family at screening'}
Rob Marrocco,{'The Sopranos': 'High Roller'}
Robert Ventura,"{'The Sopranos': ""Esteban's Crew""}"
Alyxx Morgen,{'The Sopranos': 'Attending Nurse for AJ'}
Bob Pepper,{'The Sopranos': 'Craps Player'}
Jeff Grossman,{'The Sopranos': 'Miami Wiseguy'}
Ashley Monique Menard,{'The Sopranos': 'Movie Patron'}
Peter Riga,{'The Sopranos': 'Diner Patron'}
Chiko Mendez,{'The Sopranos': 'Mental Patient'}
Tim Niverth,{'The Sopranos': 'Kid in Hall'}
Michael DeArmey,{'The Sopranos': 'Body Guard'}
Jennifer Kirabo,"{'The Sopranos': ""Victor Mineo's Girl""}"
Linda Weaver,{'The Sopranos': 'High Roller'}
Joey Giambattista,{'The Sopranos': 'Shooter'}
Jonah Triebwasser,{'The Sopranos': 'Italian Tourist'}
Chris Palermo,{'The Sopranos': 'Casino Guest'}
Ed McKeever,{'The Sopranos': 'High Roller'}
Erik Ramos,{'The Sopranos': 'Desk Clerk'}
Mark Sposato,{'The Sopranos': 'Partygoer'}
Vincenzo Caiola,{'The Sopranos': 'Tourist'}
Ramy Shedid,{'The Sopranos': 'Muslim'}
Robert De Niro,{'Goodfellas': 'James Conway'}
Ray Liotta,{'Goodfellas': 'Henry Hill'}
Joe Pesci,{'Goodfellas': 'Tommy DeVito'}
Paul Sorvino,{'Goodfellas': 'Paul Cicero'}
Frank Sivero,{'Goodfellas': 'Frankie Carbone'}
Mike Starr,{'Goodfellas': 'Frenchy'}
Frank DiLeo,{'Goodfellas': 'Tuddy Cicero'}
Henny Youngman,{'Goodfellas': 'Henny Youngman'}
Gina Mastrogiacomo,{'Goodfellas': 'Janice Rossi'}
Catherine Scorsese,"{'Goodfellas': ""Tommy's Mother""}"
Charles Scorsese,{'Goodfellas': 'Vinnie'}
Debi Mazar,{'Goodfellas': 'Sandy'}
Margo Winkler,{'Goodfellas': 'Belle Kessler'}
Welker White,{'Goodfellas': 'Lois Byrd'}
Jerry Vale,{'Goodfellas': 'Jerry Vale'}
Julie Garfield,{'Goodfellas': 'Mickey Conway'}
Christopher Serrone,{'Goodfellas': 'Young Henry'}
Elaine Kagan,"{'Goodfellas': ""Henry's Mother""}"
Beau Starr,"{'Goodfellas': ""Henry's Father""}"
Kevin Corrigan,{'Goodfellas': 'Michael Hill'}
Robbie Vinton,{'Goodfellas': 'Bobby Vinton'}
Johnny Williams,{'Goodfellas': 'Johnny Roastbeef'}
Tony Conforti,{'Goodfellas': 'Tony'}
Ronald Maccone,{'Goodfellas': 'Ronnie'}
Joseph D'Onofrio,{'Goodfellas': 'Young Tommy'}
Steve Forleo,{'Goodfellas': 'City Detective #1'}
Richard Dioguardi,{'Goodfellas': 'City Detective #2'}
John Manca,{'Goodfellas': 'Nickey Eyes'}
Joseph Bono,{'Goodfellas': 'Mikey Franzese'}
Katherine Wallach,{'Goodfellas': 'Diane'}
Mark Jacobs,{'Goodfellas': 'Bruce'}
Marie Michaels,{'Goodfellas': 'Mrs. Carbone'}
LoNardo,"{'Goodfellas': ""Frenchy's Wife""}"
Melissa Prophet,{'Goodfellas': 'Angie'}
Illeana Douglas,{'Goodfellas': 'Rosie'}
Elizabeth Whitcraft,"{'Goodfellas': ""Tommy's Girlfriend at Copa""}"
Clem Caserta,{'Goodfellas': 'Joe Buddha'}
Samuel L. Jackson,{'Goodfellas': 'Stacks Edwards'}
Fran McGee,"{'Goodfellas': ""Johnny Roastbeef's Wife""}"
Edward McDonald,{'Goodfellas': 'Edward McDonald'}
Edward Hayes,{'Goodfellas': 'Defense Attorney'}
Daniela Barbosa,"{'Goodfellas': ""Young Henry's Sister #1""}"
Gina Mattia,"{'Goodfellas': ""Young Henry's Sister #2""}"
Joel Calendrillo,"{'Goodfellas': ""Young Henry's Older Brother""}"
Anthony Valentin,{'Goodfellas': 'Young Michael'}
Edward D. Murphy,{'Goodfellas': 'Liquor Cop #1'}
Michael Citriniti,{'Goodfellas': 'Liquor Cop #2'}
Peter Hock,{'Goodfellas': 'Mailman'}
Erasmus C. Alfano,{'Goodfellas': 'Barbeque Wiseguy'}
John Di Benedetto,{'Goodfellas': 'Bleeding Man'}
Manny Alfaro,{'Goodfellas': 'Gambling Doorman'}
Thomas Lowry,{'Goodfellas': 'Hijacked Driver'}
Margaret Smith,{'Goodfellas': 'School Guard'}
Richard Mullally,{'Goodfellas': 'Cop #1'}
Paul McIsaac,{'Goodfellas': 'Judge - 1956'}
Bob Golub,{'Goodfellas': 'Truck Driver at Diner'}
Louis Eppolito,{'Goodfellas': 'Fat Andy'}
Mikey Black,{'Goodfellas': 'Freddy No Nose'}
Peter Cicale,{'Goodfellas': 'Pete The Killer'}
Anthony Powers,{'Goodfellas': 'Jimmy Two Times'}
Mike Contessa,"{'Goodfellas': ""Cicero's 60's Crew""}"
Philip Suriano,"{'Goodfellas': ""Cicero's 60's crew""}"
Paul Mougey,{'Goodfellas': 'Terrorized Waiter'}
Norman Barbera,{'Goodfellas': 'Bouncer'}
Anthony Polemeni,{'Goodfellas': 'Copa Captain'}
James Quattrochi,{'Goodfellas': 'Henry Greeter #1'}
Lawrence Sacco,{'Goodfellas': 'Henry Greeter #2'}
Dino Laudicina,{'Goodfellas': 'Henry Greeter #3'}
Thomas E. Camuti,{'Goodfellas': 'Mr. Tony Hood #1'}
Andrew Scudiero,{'Goodfellas': 'Mr. Tony Hood #2'}
Irving Welzer,{'Goodfellas': 'Copa Announcer'}
Jesse Kirtzman,{'Goodfellas': 'Beach Club Waiter'}
Russell Halley,"{'Goodfellas': ""Bruce's Brother #1""}"
Spencer Bradley,"{'Goodfellas': ""Bruce's Brother #2""}"
Bob Altman,"{'Goodfellas': ""Karen's Dad""}"
Joanna Bennett,{'Goodfellas': 'Marie #1'}
Gayle Lewis,{'Goodfellas': 'Marie #2'}
Gaetano Lisi,{'Goodfellas': 'Paul #3'}
Luke Walter,{'Goodfellas': 'Truck Driver'}
Ed Deacy,{'Goodfellas': 'Detective Deacy'}
Larry Silvestri,{'Goodfellas': 'Detective Silvestri'}
Janis Corsair,"{'Goodfellas': ""Vito's Girlfriend""}"
Frank Aquilino,"{'Goodfellas': ""Batts' Crew #2""}"
Lisa D'Apolito,{'Goodfellas': 'Lisa'}
Michael Calandrino,{'Goodfellas': 'Godfather at Table'}
Vito Balsamo,"{'Goodfellas': ""Henry's 70's Crew""}"
Peter Fain,"{'Goodfellas': ""Henry's 70's Crew""}"
Vincent Gallo,"{'Goodfellas': ""Henry's 70's Crew""}"
Stella Keitel,"{'Goodfellas': ""Henry's Older Child - Judy""}"
Dominique DeVito,"{'Goodfellas': ""Henry's Baby - Ruth""}"
Michaelangelo Graziano,{'Goodfellas': 'Bar Patron'}
Paula Kcira,"{'Goodfellas': ""Janice's Girlfriend #1""}"
Nadine Kay,"{'Goodfellas': ""Janice's Girlfriend #2""}"
Tony Ellis,{'Goodfellas': 'Bridal Shop Owner'}
Peter Onorati,{'Goodfellas': 'Florida Bookie'}
Jamie De Roy,"{'Goodfellas': ""Bookie's Sister""}"
Joel Blake,{'Goodfellas': 'Judge - 1971'}
H. Clay Dear,{'Goodfellas': 'Security Guard with Lobsters'}
Thomas Hewson,{'Goodfellas': 'Drug Buyer'}
Margaux Guerard,{'Goodfellas': 'Judy Hill at 10 Years'}
Violet Gaynor,{'Goodfellas': 'Ruth Hill at 8 Years'}
Berlinda Tolbert,"{'Goodfellas': ""Stacks' Girlfriend""}"
Adam Wandt,{'Goodfellas': 'Kid'}
Joe Gioco,{'Goodfellas': 'Garbage Man'}
Isiah Whitlock Jr.,{'Goodfellas': 'Doctor'}
Alyson Jones,{'Goodfellas': 'Judy Hill at 13 Years'}
Ruby Gaynor,{'Goodfellas': 'Ruth Hill at 11 Years'}
Bo Dietl,{'Goodfellas': 'Arresting Narc'}
Steve Baker,{'Goodfellas': 'Waiter'}
Lisa Bostnar,"{'Goodfellas': ""Nicky Eyes' Girlfriend""}"
Linda Carola,"{'Goodfellas': ""Gangster's Girlfriend""}"
Frank Cassini,{'Goodfellas': 'Young Wiseguy'}
Joe Chiaramonte,{'Goodfellas': 'Lawyer'}
Doug Ferony,{'Goodfellas': 'Anthony'}
Frank Ferruccio,{'Goodfellas': 'Detective'}
George Gerard,{'Goodfellas': 'Contruction Worker'}
Matthew T. Gitkin,{'Goodfellas': 'Warehouse Worker'}
Richard Goteri,"{'Goodfellas': ""Cicero's '60s Crew""}"
Debbee Hinchcliffe,"{'Goodfellas': ""Jimmy's Date""}"
Al Jolson,{'Goodfellas': 'Jakie Rabinowitz'}
Diane Kimbrell,{'Goodfellas': 'Commuter'}
Anibal O. Lleras,{'Goodfellas': 'Fellas Chauffer'}
Joseph Oliveira,{'Goodfellas': 'Marciano'}
Charles Pendelton,{'Goodfellas': 'Resturante Mob Onlooker'}
Louis Perez,{'Goodfellas': 'Frankie'}
Jeffrey Rollins,{'Goodfellas': 'Courtroom Defendant'}
Robert Sedona,{'Goodfellas': 'Restaurant Customer'}
Jill Senter,{'Goodfellas': 'Woman in Bar'}
Barry Squitieri,{'Goodfellas': 'Wiseguy'}
Drew Stanley,{'Goodfellas': 'Wedding Photographer'}
Frank Stellato,{'Goodfellas': '1956 Court Stenographer'}
Billy L. Sullivan,"{'Goodfellas': ""Jimmy's Son""}"
Nick Vallelonga,{'Goodfellas': 'Prison Inmate Sitting Behind Henry'}
